stem,frequency,category,confidence,meaning_en,in_canonical_lexicon,example_words
st,12404,general,CANDIDATE,Stand / place / position,True,kostedi(693);kostain(630);kostei(527)
tr,7273,general,CANDIDATE,Through / trans,True,otredi(301);otrain(298);otrei(222)
ost,7069,ingredient,CONFIRMED,bone,True,kostedi(693);kostain(630);kostei(527)
he,6262,grammar,CANDIDATE,the/this (demonstrative),True,hedi(638);hei(588);heol(207)
ain,6234,grammar,CONFIRMED,substance/thing,True,dain(1045);kostain(630);ain(596)
ed,5889,general,CONFIRMED,'Process kernel / do / treat',True,kostedi(693);hedi(638);šedi(552)
ol,5887,ingredient,CONFIRMED,oil,True,ol(529);hol(401);heol(207)
edi,4849,ingredient,CONFIRMED,root/prepared,True,kostedi(693);hedi(638);šedi(552)
da,4283,grammar,CONFIRMED,give/add,True,dain(1045);dar(287);dal(244)
kost,3585,ingredient,CONFIRMED,bone,True,kostedi(693);kostain(630);kostei(527)
al,3478,liquid,CONFIRMED,liquid/water (vessel context),True,al(309);dal(244);kostal(203)
ar,3462,ingredient,CONFIRMED,water,True,ar(362);dar(287);kostar(148)
or,2866,ingredient,CONFIRMED,oil,True,or(333);hor(211);heor(113)
še,2844,grammar,CANDIDATE,with the (comitative+article),True,šedi(552);šei(452);šeol(136)
od,2389,plant_part,CONFIRMED,stalk/stem,True,heodi(105);hodi(96);odain(77)
dain,1913,grammar,CONFIRMED,given/added,True,dain(1045);odain(77);hedain(73)
hei,1707,grammar,CONFIRMED,combine/mix,True,hei(588);lhei(67);ctrhei(60)
heo,1475,grammar,CANDIDATE,that which/the one,True,heol(207);heor(113);heodi(105)
in,1297,UNLISTED,UNCLASSIFIED,?,False,
ostai,1266,grammar,CONFIRMED,vessel/container,True,kostain(630);ostain(440);hostain(31)
csth,1008,general,CANDIDATE,Complex cluster,True,hcsthi(154);šcsthi(59);hecsthi(55)
ctr,1007,general,CANDIDATE,Center / control,True,ctrhi(105);hctrhi(85);ctrhei(60)
hol,995,ingredient,CONFIRMED,flour/grain,True,hol(401);ctrhol(58);otrhol(24)
dar,848,grammar,CONFIRMED,gift,True,dar(287);hedar(46);odar(24)
dal,805,liquid,CONFIRMED,da-l-al,True,dal(244);hedal(33);dali(29)
stal,714,equipment,CANDIDATE,cauldron,True,kostal(203);ostal(157);stal(27)
šei,705,grammar,CONFIRMED,strain/filter,True,šei(452);lšei(30);dšei(26)
šeo,635,grammar,CANDIDATE,with that which,True,šeol(136);šeor(65);šeo(60)
hor,633,action,CONFIRMED,cook/combine,True,hor(211);ctrhor(42);dhor(24)
star,611,grammar,CONFIRMED,old/aged,True,kostar(148);ostar(131);star(55)
otrai,566,grammar,CONFIRMED,vessel/container,True,otrain(298);kotrain(156);otrair(32)
ctrh,559,UNLISTED,UNCLASSIFIED,?,False,
ostal,531,equipment,CONFIRMED,pot/jar,True,kostal(203);ostal(157);ostali(23)
ee,482,general,CONFIRMED,(intensifier),True,kosteei(36);osteei(33);osteedi(14)
sth,451,UNLISTED,UNCLASSIFIED,?,False,
eos,385,grammar,CANDIDATE,them/those,True,heos(42);otreos(39);osteos(18)
ostar,359,equipment,CONFIRMED,pot/jar,True,kostar(148);ostar(131);ostari(10)
sain,311,grammar,CANDIDATE,salt-substance/brine,True,sain(233);osain(9);šosain(6)
šol,299,action,CONFIRMED,soak in oil,True,šol(186);šoldi(8);tršol(6)
trh,297,UNLISTED,UNCLASSIFIED,?,False,
olst,296,UNLISTED,UNCLASSIFIED,?,False,
ist,270,UNLISTED,UNCLASSIFIED,?,False,
ste,268,UNLISTED,UNCLASSIFIED,?,False,
aiin,229,general,LOW,Repetition / plural,True,aiin(41);daiin(16);ostaiin(6)
etr,224,preparation,CANDIDATE,extract/tincture,True,hetri(28);šetri(15);hetrei(12)
plh,224,UNLISTED,UNCLASSIFIED,?,False,
hodi,222,grammar,CONFIRMED,walk/go,True,hodi(96);ctrhodi(18);trhodi(8)
rh,222,UNLISTED,UNCLASSIFIED,?,False,
oste,220,UNLISTED,UNCLASSIFIED,?,False,
om,212,grammar,CONFIRMED,with/by (instrumental),True,om(24);hom(14);heom(13)
osth,204,UNLISTED,UNCLASSIFIED,?,False,
heodi,200,grammar,CANDIDATE,to/for the [aforementioned],True,heodi(105);plheodi(13);trheodi(7)
itr,200,UNLISTED,UNCLASSIFIED,?,False,
steo,196,UNLISTED,UNCLASSIFIED,?,False,
eal,180,preparation,CANDIDATE,vessel/container,True,heal(44);šeal(25);osteal(18)
oplh,174,UNLISTED,UNCLASSIFIED,?,False,
stor,173,ingredient,CONFIRMED,storax,True,kostor(39);ostor(34);stor(26)
ir,168,UNLISTED,UNCLASSIFIED,?,False,
kosti,165,animal,CONFIRMED,Bone + state,True,kosti(147);kostir(4);kostidi(2)
hctr,158,general,CANDIDATE,Heated-center compound,True,hctrhi(85);hctrhei(8);hctrhedi(8)
heos,158,grammar,CANDIDATE,of the [aforementioned],True,heos(42);heostei(13);heosti(8)
sar,158,ingredient,CONFIRMED,salt,True,sar(84);sarain(9);saral(5)
tror,156,action,CANDIDATE,boil/roast,True,otror(44);kotror(29);tror(22)
šor,150,action,CONFIRMED,soak/infuse,True,šor(88);dšor(10);šori(7)
dh,144,UNLISTED,UNCLASSIFIED,?,False,
otr,129,UNLISTED,UNCLASSIFIED,?,False,
reo,128,UNLISTED,UNCLASSIFIED,?,False,
osteo,128,UNLISTED,UNCLASSIFIED,?,False,
ra,127,UNLISTED,UNCLASSIFIED,?,False,
sta,127,UNLISTED,UNCLASSIFIED,?,False,
sal,125,ingredient,CONFIRMED,salt,True,sal(56);sali(5);osal(5)
sted,118,UNLISTED,UNCLASSIFIED,?,False,
olh,115,UNLISTED,UNCLASSIFIED,?,False,
re,114,UNLISTED,UNCLASSIFIED,?,False,
pl,105,UNLISTED,UNCLASSIFIED,?,False,
tram,101,grammar,CANDIDATE,by compound means,True,otram(48);kotram(16);itram(9)
ih,101,UNLISTED,UNCLASSIFIED,?,False,
dor,98,UNLISTED,UNCLASSIFIED,?,False,
cplh,97,UNLISTED,UNCLASSIFIED,?,False,
dš,85,UNLISTED,UNCLASSIFIED,?,False,
thor,83,action,CANDIDATE,boil/roast,True,sthor(20);osthor(18);kosthor(11)
ror,82,UNLISTED,UNCLASSIFIED,?,False,
stš,79,UNLISTED,UNCLASSIFIED,?,False,
ocsth,78,UNLISTED,UNCLASSIFIED,?,False,
lst,77,UNLISTED,UNCLASSIFIED,?,False,
tre,76,UNLISTED,UNCLASSIFIED,?,False,
daiin,73,general,CANDIDATE,Add (extended),True,daiin(16);kodaiin(2);hedaiin(2)
osta,71,UNLISTED,UNCLASSIFIED,?,False,
steh,69,UNLISTED,UNCLASSIFIED,?,False,
prh,68,UNLISTED,UNCLASSIFIED,?,False,
steor,64,UNLISTED,UNCLASSIFIED,?,False,
sto,63,UNLISTED,UNCLASSIFIED,?,False,
osto,61,UNLISTED,UNCLASSIFIED,?,False,
lh,61,UNLISTED,UNCLASSIFIED,?,False,
ros,60,ingredient,CONFIRMED,rose/rosewater,True,otros(4);tros(4);otrosti(3)
do,60,UNLISTED,UNCLASSIFIED,?,False,
octrh,60,UNLISTED,UNCLASSIFIED,?,False,
trš,60,UNLISTED,UNCLASSIFIED,?,False,
ro,60,UNLISTED,UNCLASSIFIED,?,False,
isth,59,UNLISTED,UNCLASSIFIED,?,False,
treo,58,UNLISTED,UNCLASSIFIED,?,False,
tra,56,UNLISTED,UNCLASSIFIED,?,False,
opl,56,UNLISTED,UNCLASSIFIED,?,False,
itrh,55,UNLISTED,UNCLASSIFIED,?,False,
tro,55,UNLISTED,UNCLASSIFIED,?,False,
alst,53,UNLISTED,UNCLASSIFIED,?,False,
osted,52,UNLISTED,UNCLASSIFIED,?,False,
red,51,UNLISTED,UNCLASSIFIED,?,False,
oh,51,UNLISTED,UNCLASSIFIED,?,False,
ral,50,UNLISTED,UNCLASSIFIED,?,False,
iste,49,UNLISTED,UNCLASSIFIED,?,False,
iš,49,UNLISTED,UNCLASSIFIED,?,False,
olš,48,UNLISTED,UNCLASSIFIED,?,False,
rš,48,UNLISTED,UNCLASSIFIED,?,False,
tred,48,UNLISTED,UNCLASSIFIED,?,False,
ctrhor,47,UNLISTED,UNCLASSIFIED,?,False,
rar,47,UNLISTED,UNCLASSIFIED,?,False,
ostor,46,UNLISTED,UNCLASSIFIED,?,False,
oral,45,latin_pharma,CONFIRMED,by mouth,True,oral(13);soral(4);ploral(2)
olste,44,UNLISTED,UNCLASSIFIED,?,False,
isteo,43,UNLISTED,UNCLASSIFIED,?,False,
osteor,42,UNLISTED,UNCLASSIFIED,?,False,
olor,42,UNLISTED,UNCLASSIFIED,?,False,
ai,41,UNLISTED,UNCLASSIFIED,?,False,
iheo,40,UNLISTED,UNCLASSIFIED,?,False,
ctrho,40,UNLISTED,UNCLASSIFIED,?,False,
trho,39,UNLISTED,UNCLASSIFIED,?,False,
trhor,37,UNLISTED,UNCLASSIFIED,?,False,
dan,36,grammar,CONFIRMED,day,True,dan(15);tredan(2);odan(2)
kor,36,herb,CONFIRMED,coriander,True,kor(26);korain(5);korhedi(1)
id,36,UNLISTED,UNCLASSIFIED,?,False,
sthor,36,UNLISTED,UNCLASSIFIED,?,False,
steod,36,UNLISTED,UNCLASSIFIED,?,False,
os,36,UNLISTED,UNCLASSIFIED,?,False,
iplh,35,UNLISTED,UNCLASSIFIED,?,False,
stl,34,UNLISTED,UNCLASSIFIED,?,False,
plhed,34,UNLISTED,UNCLASSIFIED,?,False,
est,34,UNLISTED,UNCLASSIFIED,?,False,
ko,32,UNLISTED,UNCLASSIFIED,?,False,
ostš,32,UNLISTED,UNCLASSIFIED,?,False,
pr,32,UNLISTED,UNCLASSIFIED,?,False,
eo,32,UNLISTED,UNCLASSIFIED,?,False,
ihe,31,UNLISTED,UNCLASSIFIED,?,False,
reod,31,UNLISTED,UNCLASSIFIED,?,False,
osteh,31,UNLISTED,UNCLASSIFIED,?,False,
stho,31,UNLISTED,UNCLASSIFIED,?,False,
cprh,29,UNLISTED,UNCLASSIFIED,?,False,
dl,28,UNLISTED,UNCLASSIFIED,?,False,
rol,28,UNLISTED,UNCLASSIFIED,?,False,
otrh,28,UNLISTED,UNCLASSIFIED,?,False,
plor,28,UNLISTED,UNCLASSIFIED,?,False,
itreo,27,UNLISTED,UNCLASSIFIED,?,False,
plheo,27,UNLISTED,UNCLASSIFIED,?,False,
oprh,26,UNLISTED,UNCLASSIFIED,?,False,
dhor,25,UNLISTED,UNCLASSIFIED,?,False,
old,25,UNLISTED,UNCLASSIFIED,?,False,
olo,25,UNLISTED,UNCLASSIFIED,?,False,
sam,24,grammar,CONFIRMED,self/alone,True,sam(10);aisam(1);hsamosti(1)
ara,24,UNLISTED,UNCLASSIFIED,?,False,
stheo,24,UNLISTED,UNCLASSIFIED,?,False,
cstho,24,UNLISTED,UNCLASSIFIED,?,False,
lš,24,UNLISTED,UNCLASSIFIED,?,False,
trod,23,UNLISTED,UNCLASSIFIED,?,False,
trheo,23,UNLISTED,UNCLASSIFIED,?,False,
airal,22,preparation,CANDIDATE,vapor vessel/alembic,True,dairal(6);airal(3);sairal(3)
reor,22,UNLISTED,UNCLASSIFIED,?,False,
an,22,UNLISTED,UNCLASSIFIED,?,False,
csthh,22,UNLISTED,UNCLASSIFIED,?,False,
ii,22,UNLISTED,UNCLASSIFIED,?,False,
rho,22,UNLISTED,UNCLASSIFIED,?,False,
oe,22,UNLISTED,UNCLASSIFIED,?,False,
osteod,22,UNLISTED,UNCLASSIFIED,?,False,
stai,22,UNLISTED,UNCLASSIFIED,?,False,
plhe,21,UNLISTED,UNCLASSIFIED,?,False,
oš,21,UNLISTED,UNCLASSIFIED,?,False,
oltr,21,UNLISTED,UNCLASSIFIED,?,False,
thar,20,liquid,CANDIDATE,Boil (variant),True,osthar(6);csthar(4);hocsthar(2)
plol,20,UNLISTED,UNCLASSIFIED,?,False,
ostho,20,UNLISTED,UNCLASSIFIED,?,False,
plš,20,UNLISTED,UNCLASSIFIED,?,False,
stod,20,UNLISTED,UNCLASSIFIED,?,False,
opr,20,UNLISTED,UNCLASSIFIED,?,False,
osthor,19,UNLISTED,UNCLASSIFIED,?,False,
ora,19,UNLISTED,UNCLASSIFIED,?,False,
plolh,19,UNLISTED,UNCLASSIFIED,?,False,
ostol,19,UNLISTED,UNCLASSIFIED,?,False,
oest,19,UNLISTED,UNCLASSIFIED,?,False,
heom,18,grammar,CANDIDATE,with the [aforementioned],True,heom(13);iinheom(1);sheom(1)
rhor,18,UNLISTED,UNCLASSIFIED,?,False,
olhe,18,UNLISTED,UNCLASSIFIED,?,False,
ista,18,UNLISTED,UNCLASSIFIED,?,False,
ctrhh,18,UNLISTED,UNCLASSIFIED,?,False,
tral,18,UNLISTED,UNCLASSIFIED,?,False,
dheo,18,UNLISTED,UNCLASSIFIED,?,False,
treod,18,UNLISTED,UNCLASSIFIED,?,False,
itro,18,UNLISTED,UNCLASSIFIED,?,False,
ihor,17,UNLISTED,UNCLASSIFIED,?,False,
plhor,17,UNLISTED,UNCLASSIFIED,?,False,
dše,17,UNLISTED,UNCLASSIFIED,?,False,
plhod,17,UNLISTED,UNCLASSIFIED,?,False,
ctrhe,17,UNLISTED,UNCLASSIFIED,?,False,
oplhe,17,UNLISTED,UNCLASSIFIED,?,False,
csthe,17,UNLISTED,UNCLASSIFIED,?,False,
stol,17,UNLISTED,UNCLASSIFIED,?,False,
reh,17,UNLISTED,UNCLASSIFIED,?,False,
alo,17,UNLISTED,UNCLASSIFIED,?,False,
lor,17,UNLISTED,UNCLASSIFIED,?,False,
dist,17,UNLISTED,UNCLASSIFIED,?,False,
rod,17,UNLISTED,UNCLASSIFIED,?,False,
aro,16,UNLISTED,UNCLASSIFIED,?,False,
osteol,16,UNLISTED,UNCLASSIFIED,?,False,
alh,16,UNLISTED,UNCLASSIFIED,?,False,
olsta,16,UNLISTED,UNCLASSIFIED,?,False,
ihed,16,UNLISTED,UNCLASSIFIED,?,False,
olsth,16,UNLISTED,UNCLASSIFIED,?,False,
ke,16,UNLISTED,UNCLASSIFIED,?,False,
isteor,15,UNLISTED,UNCLASSIFIED,?,False,
osthd,15,UNLISTED,UNCLASSIFIED,?,False,
trhe,15,UNLISTED,UNCLASSIFIED,?,False,
oplhed,15,UNLISTED,UNCLASSIFIED,?,False,
eor,15,UNLISTED,UNCLASSIFIED,?,False,
oda,15,UNLISTED,UNCLASSIFIED,?,False,
ala,14,UNLISTED,UNCLASSIFIED,?,False,
iheor,14,UNLISTED,UNCLASSIFIED,?,False,
stšo,14,UNLISTED,UNCLASSIFIED,?,False,
rara,14,UNLISTED,UNCLASSIFIED,?,False,
olsteo,14,UNLISTED,UNCLASSIFIED,?,False,
sthd,14,UNLISTED,UNCLASSIFIED,?,False,
stšeo,14,UNLISTED,UNCLASSIFIED,?,False,
cstheo,14,UNLISTED,UNCLASSIFIED,?,False,
sthe,14,UNLISTED,UNCLASSIFIED,?,False,
ditr,14,UNLISTED,UNCLASSIFIED,?,False,
list,13,plant_part,CONFIRMED,leaf,True,plisteor(2);plistedi(1);diodaiilisthi(1)
itror,13,UNLISTED,UNCLASSIFIED,?,False,
dhe,13,UNLISTED,UNCLASSIFIED,?,False,
csthor,13,UNLISTED,UNCLASSIFIED,?,False,
ohor,13,UNLISTED,UNCLASSIFIED,?,False,
oee,13,UNLISTED,UNCLASSIFIED,?,False,
sš,13,UNLISTED,UNCLASSIFIED,?,False,
oror,13,UNLISTED,UNCLASSIFIED,?,False,
la,13,UNLISTED,UNCLASSIFIED,?,False,
treor,13,UNLISTED,UNCLASSIFIED,?,False,
itre,13,UNLISTED,UNCLASSIFIED,?,False,
trhed,13,UNLISTED,UNCLASSIFIED,?,False,
trhod,13,UNLISTED,UNCLASSIFIED,?,False,
ald,13,UNLISTED,UNCLASSIFIED,?,False,
dst,13,UNLISTED,UNCLASSIFIED,?,False,
lo,13,UNLISTED,UNCLASSIFIED,?,False,
ld,13,UNLISTED,UNCLASSIFIED,?,False,
steš,13,UNLISTED,UNCLASSIFIED,?,False,
trol,13,UNLISTED,UNCLASSIFIED,?,False,
istor,12,UNLISTED,UNCLASSIFIED,?,False,
itra,12,UNLISTED,UNCLASSIFIED,?,False,
ail,12,UNLISTED,UNCLASSIFIED,?,False,
alor,12,UNLISTED,UNCLASSIFIED,?,False,
sst,12,UNLISTED,UNCLASSIFIED,?,False,
oro,12,UNLISTED,UNCLASSIFIED,?,False,
plhd,12,UNLISTED,UNCLASSIFIED,?,False,
rai,12,UNLISTED,UNCLASSIFIED,?,False,
di,12,UNLISTED,UNCLASSIFIED,?,False,
stalh,12,UNLISTED,UNCLASSIFIED,?,False,
trar,12,UNLISTED,UNCLASSIFIED,?,False,
ast,12,UNLISTED,UNCLASSIFIED,?,False,
dol,12,UNLISTED,UNCLASSIFIED,?,False,
de,12,UNLISTED,UNCLASSIFIED,?,False,
il,12,UNLISTED,UNCLASSIFIED,?,False,
itrhor,11,UNLISTED,UNCLASSIFIED,?,False,
dšo,11,UNLISTED,UNCLASSIFIED,?,False,
isted,11,UNLISTED,UNCLASSIFIED,?,False,
kest,11,UNLISTED,UNCLASSIFIED,?,False,
išeo,11,UNLISTED,UNCLASSIFIED,?,False,
stee,11,UNLISTED,UNCLASSIFIED,?,False,
oeo,11,UNLISTED,UNCLASSIFIED,?,False,
alš,11,UNLISTED,UNCLASSIFIED,?,False,
ocplh,11,UNLISTED,UNCLASSIFIED,?,False,
pld,11,UNLISTED,UNCLASSIFIED,?,False,
trhd,11,UNLISTED,UNCLASSIFIED,?,False,
plo,11,UNLISTED,UNCLASSIFIED,?,False,
ltr,11,UNLISTED,UNCLASSIFIED,?,False,
cplho,11,UNLISTED,UNCLASSIFIED,?,False,
darar,10,general,CONFIRMED,da + ar + ar,True,darar(3);hstaidararal(1);hdarar(1)
dšor,10,UNLISTED,UNCLASSIFIED,?,False,
olr,10,UNLISTED,UNCLASSIFIED,?,False,
odor,10,UNLISTED,UNCLASSIFIED,?,False,
treda,10,UNLISTED,UNCLASSIFIED,?,False,
stheor,10,UNLISTED,UNCLASSIFIED,?,False,
ea,10,UNLISTED,UNCLASSIFIED,?,False,
plho,10,UNLISTED,UNCLASSIFIED,?,False,
opla,10,UNLISTED,UNCLASSIFIED,?,False,
iho,10,UNLISTED,UNCLASSIFIED,?,False,
istho,10,UNLISTED,UNCLASSIFIED,?,False,
dhed,10,UNLISTED,UNCLASSIFIED,?,False,
ecsth,10,UNLISTED,UNCLASSIFIED,?,False,
itrho,10,UNLISTED,UNCLASSIFIED,?,False,
rl,10,UNLISTED,UNCLASSIFIED,?,False,
kora,6,plant_part,CONFIRMED,bark,True,korain(5);korar(1)
shor,5,action,CONFIRMED,soak/infuse,True,shor(3);haiinshorain(1);sishor(1)
ter,5,action,MISCELLANY,grind/crush,True,koster(1);sterodal(1);oster(1)
šeom,4,grammar,CANDIDATE,with the [instrument],True,šeom(4)
ana,3,latin_pharma,CONFIRMED,of each equal parts,True,tranal(1);plolanar(1);istanam(1)
man,3,timing,MISCELLANY,in the morning,True,aman(2);otrostaiman(1)
aloe,2,ingredient,CONFIRMED,aloe,True,xaloees(1);aloes(1)
amar,2,action,CANDIDATE,bitter herb,True,heamar(2)
arg,2,ingredient,CONFIRMED,silver,True,disarg(1);arg(1)
col,2,action,MISCELLANY,strain/filter,True,oldrvxststprtrricoldrvxstmprtrricoldrvxststpltrricoldrvxststpltrricrn(1);istcol(1)
dolor,2,latin_pharma,CONFIRMED,pain,True,dolor(2)
kair,2,action,CANDIDATE,fire/heat,True,kairain(1);kairal(1)
salp,2,ingredient,CONFIRMED,saltpeter,True,ltrhsalplhdar(1);salpr(1)
aloin,1,ingredient,CANDIDATE,aloe extract/aloin,True,kaloin(1)
anis,1,ingredient,CONFIRMED,anise,True,prodanistš(1)
axor,1,general,CONFIRMED,Lard (variant),True,axor(1)
dors,1,body_part,MISCELLANY,back,True,dorsthesti(1)
kal,1,equipment,CANDIDATE,cauldron,True,kaloin(1)
mamm,1,body_part,MISCELLANY,breast,True,damamm(1)
plr,1,preparation,CANDIDATE,powder/pulverize,True,plroair(1)
rana,1,body,CONFIRMED,wound,True,tranal(1)
topl,1,grammar,CANDIDATE,warm/hot,True,kostopli(1)
absint,0,ingredient,MISCELLANY,wormwood,True,
acet,0,ingredient,MISCELLANY,vinegar,True,
add,0,action,MISCELLANY,add/include,True,
adustio,0,condition,MISCELLANY,burn,True,
alum,0,ingredient,CONFIRMED,alum,True,
ambra,0,general,CONFIRMED,Ambergris,True,
amyl,0,ingredient,MISCELLANY,starch,True,
appon,0,action,MISCELLANY,apply/place on,True,
asaf,0,general,CANDIDATE,Asafoetida,True,
asafor,0,general,CANDIDATE,Asafoetida (variant),True,
asafot,0,general,CANDIDATE,Asafoetida (full),True,
aur,0,body_part,MISCELLANY,ear,True,
axun,0,general,CONFIRMED,Lard / animal fat,True,
axung,0,ingredient,MISCELLANY,pig fat/lard,True,
bib,0,action,MISCELLANY,drink/consume,True,
bol,0,grammar,CANDIDATE,pain/ache,True,
calc,0,action,CANDIDATE,lime/ite,True,
calid,0,modifier,MISCELLANY,warm/hot,True,
calide,0,general,CONFIRMED,warm,True,
camph,0,ingredient,CONFIRMED,camphor,True,
canel,0,ingredient,CONFIRMED,cinnamon,True,
canol,0,ingredient,CONFIRMED,cinnamon,True,
caput,0,body_part,MISCELLANY,head,True,
case,0,general,CONFIRMED,Cheese / curd,True,
catapl,0,preparation,MISCELLANY,poultice,True,
cer,0,ingredient,MISCELLANY,wax,True,
cera,0,general,CONFIRMED,Wax,True,
chal,0,ingredient,CONFIRMED,flour/grain,True,
char,0,action,CANDIDATE,fire/heat,True,
chol,0,ingredient,CONFIRMED,flour/grain,True,
cholal,0,general,CONFIRMED,ch + ol + al,True,
chor,0,action,CONFIRMED,cook/combine,True,
cinam,0,spice,CONFIRMED,cinnamon,True,
ciner,0,ingredient,MISCELLANY,ash,True,
coclear,0,measurement,MISCELLANY,spoonful,True,
comed,0,action,MISCELLANY,eat/consume,True,
confect,0,preparation,MISCELLANY,confection/electuary,True,
contund,0,action,MISCELLANY,crush/pound,True,
copr,0,ingredient,CONFIRMED,copper/verdigris,True,
cor,0,body_part,MISCELLANY,heart,True,
coral,0,general,CONFIRMED,Coral,True,
cori,0,ingredient,CONFIRMED,coriander,True,
cortic,0,ingredient,MISCELLANY,bark/rind,True,
croc,0,ingredient,MISCELLANY,saffron,True,
cstr,0,preparation,CANDIDATE,concentrated preparation,True,
ctrr,0,preparation,CANDIDATE,compound mixture,True,
cum,0,grammar,MISCELLANY,with,True,
cuper,0,general,CONFIRMED,Copper / verdigris,True,
cupr,0,ingredient,CONFIRMED,copper/verdigris,True,
cvijet,0,plant_part,CONFIRMED,flower,True,
decoct,0,preparation,MISCELLANY,decoction,True,
dent,0,body_part,MISCELLANY,tooth,True,
distil,0,action,MISCELLANY,distill,True,
dragm,0,measurement,MISCELLANY,dram (weight),True,
dysent,0,condition,MISCELLANY,dysentery,True,
edy,0,ingredient,CONFIRMED,root/prepared,True,
eey,0,preparation,CANDIDATE,distilled fluid,True,
emplast,0,preparation,MISCELLANY,plaster,True,
eoy,0,grammar,CANDIDATE,by/from that,True,
estr,0,preparation,CANDIDATE,plaster/poultice,True,
ey,0,preparation,CANDIDATE,liquid/fluid,True,
fac,0,body_part,MISCELLANY,face,True,
fair,0,general,CANDIDATE,Fire (variant),True,
fauces,0,body_part,MISCELLANY,throat/fauces,True,
febr,0,condition,MISCELLANY,fever,True,
fen,0,herb,CONFIRMED,fennel,True,
fenn,0,ingredient,CONFIRMED,fennel,True,
fer,0,ingredient,CONFIRMED,iron/filings,True,
fiat,0,general,CONFIRMED,let be made,True,
flor,0,ingredient,CONFIRMED,flower,True,
flux,0,condition,MISCELLANY,flux/flow,True,
fol,0,ingredient,MISCELLANY,leaf,True,
fric,0,action,MISCELLANY,rub/massage,True,
frigid,0,modifier,MISCELLANY,cold,True,
galb,0,ingredient,CONFIRMED,galbanum,True,
gargar,0,preparation,MISCELLANY,gargle,True,
genist,0,ingredient,CONFIRMED,genista broom,True,
ging,0,spice,CONFIRMED,ginger,True,
glav,0,body,CONFIRMED,head,True,
glava,0,Headache texts,CONFIRMED,caput,True,
glog,0,High,CONFIRMED,Crataegus spp.,True,
glyc,0,ingredient,MISCELLANY,licorice,True,
gor,0,grammar,CANDIDATE,burn/fire,True,
gorak,0,property,CONFIRMED,bitter,True,
gumm,0,ingredient,MISCELLANY,gum,True,
hepat,0,body_part,MISCELLANY,liver,True,
hern,0,condition,MISCELLANY,hernia,True,
hisop,0,herb,CONFIRMED,hyssop,True,
hlad,0,grammar,CANDIDATE,cold/cool,True,
hyss,0,ingredient,CONFIRMED,hyssop,True,
infund,0,action,MISCELLANY,infuse/steep,True,
instil,0,action,MISCELLANY,instill/drop in,True,
iunct,0,body_part,MISCELLANY,joint,True,
ivor,0,general,CONFIRMED,Ivory (dust),True,
jetr,0,body,CONFIRMED,liver,True,
k,0,general,CONFIRMED,vessel (short),True,
kamf,0,resin,CONFIRMED,camphor,True,
kar,0,action,CANDIDATE,fire/heat,True,
koža,0,Skin conditions,CONFIRMED,cutis,True,
krv,0,Bleeding recipes,CONFIRMED,sanguis,True,
kuhai,0,"kuša v belom vini kuhai",CONFIRMED,coque,True,
kuša,0,"kuša v belom vini kuhai" = cook sage in white wine,CONFIRMED,Salvia officinalis,True,
lac,0,ingredient,CONFIRMED,milk,True,
laco,0,general,CONFIRMED,Milk (extended),True,
lapis,0,condition,MISCELLANY,stone (kidney),True,
lav,0,action,MISCELLANY,wash/cleanse,True,
lingu,0,body_part,MISCELLANY,tongue,True,
lipa,0,High,CONFIRMED,Tilia spp.,True,
lstry,0,preparation,CANDIDATE,the root-prepared,True,
malv,0,ingredient,CONFIRMED,mallow,True,
mane,0,general,CONFIRMED,in the morning,True,
mast,0,ingredient,MISCELLANY,mastic,True,
matr,0,body_part,MISCELLANY,womb,True,
maži,0,"onem maži zubi" (smear teeth with it),CONFIRMED,unge,True,
mel,0,ingredient,CONFIRMED,honey,True,
melk,0,general,CANDIDATE,Butter / clarified fat,True,
membr,0,body_part,MISCELLANY,limb,True,
ment,0,ingredient,CONFIRMED,mint,True,
mir,0,grammar,CANDIDATE,peace/calm,True,
misc,0,action,MISCELLANY,mix/blend,True,
mok,0,grammar,CANDIDATE,wet/moist,True,
mokar,0,property,CONFIRMED,wet,True,
musc,0,general,CONFIRMED,Musk,True,
myr,0,ingredient,CONFIRMED,myrrh resin,True,
myron,0,ingredient,CONFIRMED,myrrh resin,True,
myrrh,0,general,CONFIRMED,Myrrh (full),True,
nard,0,general,CONFIRMED,Spikenard,True,
nardi,0,general,CONFIRMED,Spikenard (genitive),True,
nardor,0,general,CONFIRMED,Spikenard (extended),True,
nerv,0,body_part,MISCELLANY,nerve/sinew,True,
noct,0,timing,MISCELLANY,at night,True,
nov,0,grammar,CANDIDATE,new/fresh,True,
ocul,0,body_part,MISCELLANY,eye,True,
okal,0,equipment,CONFIRMED,pot/jar,True,
okaly,0,liquid,CONFIRMED,ok-al-y,True,
okar,0,equipment,CONFIRMED,pot/jar,True,
okary,0,liquid,CONFIRMED,ok-ar-y,True,
okeey,0,general,CONFIRMED,ok + ee + y,True,
oko,0,body,CONFIRMED,eye,True,
olib,0,ingredient,MISCELLANY,frankincense,True,
operi,0,Standard recipe verb,CONFIRMED,lava,True,
opop,0,ingredient,CONFIRMED,opopanax gum,True,
orolaly,0,latin_pharma,CONFIRMED,orally (adverb),True,
otal,0,equipment,CONFIRMED,pot/jar,True,
ov,0,ingredient,MISCELLANY,egg,True,
ova,0,general,CONFIRMED,Egg / yolk,True,
oči,0,Frequent in eye recipes,CONFIRMED,oculi,True,
papav,0,ingredient,MISCELLANY,poppy,True,
perla,0,general,CONFIRMED,Pearl (ground),True,
phar,0,equipment,CANDIDATE,flask/phial,True,
pij,0,Standard recipe verb,CONFIRMED,bibe,True,
pip,0,spice,CONFIRMED,pepper,True,
piper,0,ingredient,CONFIRMED,pepper,True,
plant,0,ingredient,CONFIRMED,plantain,True,
podag,0,condition,MISCELLANY,gout,True,
pon,0,action,MISCELLANY,place/put,True,
pulm,0,body_part,MISCELLANY,lung,True,
pulv,0,ingredient,MISCELLANY,powder,True,
qokal,0,liquid,CONFIRMED,qo-kal-∅,True,
qokaldy,0,general,CONFIRMED,qo + kal + dy,True,
qokar,0,liquid,CONFIRMED,qo-kar-∅,True,
rady,0,ingredient,CONFIRMED,root/prepared,True,
rane,0,Wound treatment texts,CONFIRMED,vulnera,True,
recip,0,action,MISCELLANY,take (imperative),True,
ren,0,body_part,MISCELLANY,kidney,True,
resin,0,ingredient,MISCELLANY,resin,True,
rosar,0,ingredient,CONFIRMED,rose/rosewater,True,
rosol,0,liquid,CONFIRMED,Rose-oil,True,
rut,0,herb,CONFIRMED,rue,True,
ruta,0,ingredient,CONFIRMED,rue,True,
sacchar,0,ingredient,MISCELLANY,sugar,True,
salv,0,ingredient,CONFIRMED,sage,True,
sambuc,0,ingredient,MISCELLANY,elder,True,
satri,0,Standard recipe verb,CONFIRMED,tere,True,
sem,0,ingredient,MISCELLANY,seed,True,
shedy,0,general,CONFIRMED,sh + ed + y,True,
sjeme,0,plant_part,CONFIRMED,seed,True,
sljez,0,High,CONFIRMED,Althaea officinalis,True,
smreka,0,resin from conifer; "smažer od smreki" = resin of juniper,CONFIRMED,Picea albis / Juniperus,True,
splen,0,body_part,MISCELLANY,spleen,True,
src,0,body,CONFIRMED,heart,True,
stavi,0,"zvanu stavi" (apply outside),CONFIRMED,appone,True,
sterc,0,ingredient,MISCELLANY,dung/feces,True,