folio,lineno,pos,token,operator,stem,suffix,templated,op_gloss
f88r,28726,1,Bifolio,,bifolio,,False,
f88r,28726,2,bO,,bo,,False,
f88r,28726,3,f,,f,,False,
f88r,28726,4,f,,f,,False,
f88r,28727,1,Quire,,quire,,False,
f88r,28727,2,O,,o,,False,
f88r,28727,3,Rene,,rene,,False,
f88r,28727,4,XV,,xv,,False,
f88r,28727,5,Beinecke,,beinecke,,False,
f88r,28729,1,Washington,,washingto,n,True,
f88r,28729,2,Post,,post,,False,
f88r,28729,3,Aug,,aug,,False,
f88r,28729,4,Sunday,,sunda,y,True,
f88r,28731,1,Attributes,,attributes,,False,
f88r,28733,1,Language,,language,,False,
f88r,28733,2,A,,a,,False,
f88r,28733,3,Currier,,currier,,False,
f88r,28734,1,Hand,,hand,,False,
f88r,28734,2,Currier,,currier,,False,
f88r,28735,1,Subsets,,subsets,,False,
f88r,28735,2,P,,p,,False,
f88r,28735,3,Rene,,rene,,False,
f88r,28735,4,pha,,pha,,False,
f88r,28735,5,Stolfi,,stolfi,,False,
f88r,28736,1,Subject,,subject,,False,
f88r,28736,2,pharmaceutical,,pharmaceutical,,False,
f88r,28737,1,Colors,,colors,,False,
f88r,28737,2,red,,red,,False,
f88r,28737,3,green,,gree,n,True,
f88r,28737,4,brown,,brow,n,True,
f88r,28737,5,Reeds,,reeds,,False,
f88r,28739,1,Description,,descriptio,n,True,
f88r,28741,1,rows,,rows,,False,
f88r,28741,2,of,,of,,False,
f88r,28741,3,veggies,,veggies,,False,
f88r,28741,4,that,,that,,False,
f88r,28741,5,seem,,seem,,False,
f88r,28741,6,to,,to,,False,
f88r,28741,7,be,,be,,False,
f88r,28741,8,named,,named,,False,
f88r,28741,9,with,,with,,False,
f88r,28741,10,paragraphs,,paragraphs,,False,
f88r,28741,11,under,,under,,False,
f88r,28742,1,each,,each,,False,
f88r,28742,2,See,,see,,False,
f88r,28742,3,Reeds,,reeds,,False,
f88r,28742,4,Dec,,dec,,False,
f88r,28745,1,top,,top,,False,
f88r,28745,2,labels,,labels,,False,
f88r,28746,1,Last,,last,,False,
f88r,28746,2,edited,,edited,,False,
f88r,28746,3,on,,o,n,True,
f88r,28746,4,by,,b,y,True,
f88r,28746,5,stolfi,,stolfi,,False,
f88r,28748,1,There,,there,,False,
f88r,28748,2,are,,are,,False,
f88r,28748,3,labels,,labels,,False,
f88r,28748,4,alternating,,alternating,,False,
f88r,28748,5,with,,with,,False,
f88r,28748,6,plants,,plants,,False,
f88r,28748,7,not,,not,,False,
f88r,28748,8,clear,,clear,,False,
f88r,28748,9,which,,which,,False,
f88r,28748,10,goes,,goes,,False,
f88r,28748,11,with,,with,,False,
f88r,28748,12,which,,which,,False,
f88r,28750,1,Why,,wh,y,True,
f88r,28750,2,is,,is,,False,
f88r,28750,3,the,,the,,False,
f88r,28750,4,third,,third,,False,
f88r,28750,5,location,,locatio,n,True,
f88r,28750,6,f,,f,,False,
f88r,28750,7,r,,r,,False,
f88r,28750,8,B,,b,,False,
f88r,28750,9,K,,k,,False,
f88r,28750,10,instead,,instead,,False,
f88r,28750,11,of,,of,,False,
f88r,28750,12,f,,f,,False,
f88r,28750,13,r,,r,,False,
f88r,28750,14,A,,a,,False,
f88r,28750,15,K,,k,,False,
f88r,28750,16,JS,,js,,False,
f88r,28752,1,container,,container,,False,
f88r,28754,1,f,,f,,False,
f88r,28754,2,r,,r,,False,
f88r,28754,3,Lc,,lc,,False,
f88r,28754,4,H,,h,,False,
f88r,28754,5,otorchety,,otorchet,y,True,
f88r,28755,1,f,,f,,False,
f88r,28755,2,r,,r,,False,
f88r,28755,3,Lc,,lc,,False,
f88r,28755,4,V,,v,,False,
f88r,28755,5,otorchety,,otorchet,y,True,
f88r,28756,1,f,,f,,False,
f88r,28756,2,r,,r,,False,
f88r,28756,3,Lc,,lc,,False,
f88r,28756,4,L,,l,,False,
f88r,28756,5,otorchety,,otorchet,y,True,
f88r,28757,1,f,,f,,False,
f88r,28757,2,r,,r,,False,
f88r,28757,3,Lc,,lc,,False,
f88r,28757,4,K,,k,,False,
f88r,28757,5,otorchety,,otorchet,y,True,
f88r,28757,6,was,,was,,False,
f88r,28757,7,f,,f,,False,
f88r,28757,8,r,,r,,False,
f88r,28757,9,A,,a,,False,
f88r,28757,10,K,,k,,False,
f88r,28759,1,plant,,plant,,False,
f88r,28759,2,light,,light,,False,
f88r,28759,3,coloured,,coloured,,False,
f88r,28759,4,roots,,roots,,False,
f88r,28759,5,twigs,,twigs,,False,
f88r,28761,1,f,,f,,False,
f88r,28761,2,r,,r,,False,
f88r,28761,3,Lf,,lf,,False,
f88r,28761,4,H,,h,,False,
f88r,28761,5,oral,,oral,,False,
f88r,28762,1,f,,f,,False,
f88r,28762,2,r,,r,,False,
f88r,28762,3,Lf,,lf,,False,
f88r,28762,4,V,,v,,False,
f88r,28762,5,osal,,osal,,False,
f88r,28763,1,f,,f,,False,
f88r,28763,2,r,,r,,False,
f88r,28763,3,Lf,,lf,,False,
f88r,28763,4,L,,l,,False,
f88r,28763,5,oral,,oral,,False,
f88r,28764,1,f,,f,,False,
f88r,28764,2,r,,r,,False,
f88r,28764,3,Lf,,lf,,False,
f88r,28764,4,K,,k,,False,
f88r,28764,5,oral,,oral,,False,
f88r,28764,6,was,,was,,False,
f88r,28764,7,f,,f,,False,
f88r,28764,8,r,,r,,False,
f88r,28764,9,A,,a,,False,
f88r,28764,10,K,,k,,False,
f88r,28766,1,plant,,plant,,False,
f88r,28766,2,light,,light,,False,
f88r,28766,3,coloured,,coloured,,False,
f88r,28766,4,twigs,,twigs,,False,
f88r,28766,5,dark,,dark,,False,
f88r,28766,6,roots,,roots,,False,
f88r,28768,1,f,,f,,False,
f88r,28768,2,r,,r,,False,
f88r,28768,3,Lf,,lf,,False,
f88r,28768,4,H,,h,,False,
f88r,28768,5,orald,,orald,,False,
f88r,28769,1,f,,f,,False,
f88r,28769,2,r,,r,,False,
f88r,28769,3,Lf,,lf,,False,
f88r,28769,4,V,,v,,False,
f88r,28769,5,orald,,orald,,False,
f88r,28770,1,f,,f,,False,
f88r,28770,2,r,,r,,False,
f88r,28770,3,Lf,,lf,,False,
f88r,28770,4,L,,l,,False,
f88r,28770,5,orald,,orald,,False,
f88r,28771,1,f,,f,,False,
f88r,28771,2,r,,r,,False,
f88r,28771,3,Lf,,lf,,False,
f88r,28771,4,K,,k,,False,
f88r,28771,5,orald,,orald,,False,
f88r,28771,6,was,,was,,False,
f88r,28771,7,f,,f,,False,
f88r,28771,8,r,,r,,False,
f88r,28771,9,B,,b,,False,
f88r,28771,10,K,,k,,False,
f88r,28773,1,plant,,plant,,False,
f88r,28773,2,light,,light,,False,
f88r,28773,3,coloured,,coloured,,False,
f88r,28773,4,roots,,roots,,False,
f88r,28773,5,twigs,,twigs,,False,
f88r,28773,6,dark,,dark,,False,
f88r,28773,7,btwn,,btw,n,True,
f88r,28773,8,roots,,roots,,False,
f88r,28773,9,stem,,stem,,False,
f88r,28775,1,f,,f,,False,
f88r,28775,2,r,,r,,False,
f88r,28775,3,Lf,,lf,,False,
f88r,28775,4,H,,h,,False,
f88r,28775,5,oldar,,oldar,,False,
f88r,28776,1,f,,f,,False,
f88r,28776,2,r,,r,,False,
f88r,28776,3,Lf,,lf,,False,
f88r,28776,4,V,,v,,False,
f88r,28776,5,oldar,,oldar,,False,
f88r,28777,1,f,,f,,False,
f88r,28777,2,r,,r,,False,
f88r,28777,3,Lf,,lf,,False,
f88r,28777,4,L,,l,,False,
f88r,28777,5,oldar,,oldar,,False,
f88r,28778,1,f,,f,,False,
f88r,28778,2,r,,r,,False,
f88r,28778,3,Lf,,lf,,False,
f88r,28778,4,K,,k,,False,
f88r,28778,5,oldar,,oldar,,False,
f88r,28778,6,was,,was,,False,
f88r,28778,7,f,,f,,False,
f88r,28778,8,r,,r,,False,
f88r,28778,9,A,,a,,False,
f88r,28778,10,K,,k,,False,
f88r,28780,1,plant,,plant,,False,
f88r,28780,2,mostly,,mostl,y,True,
f88r,28780,3,root,,root,,False,
f88r,28780,4,dark,,dark,,False,
f88r,28780,5,colour,,colour,,False,
f88r,28780,6,with,,with,,False,
f88r,28780,7,light,,light,,False,
f88r,28780,8,coloured,,coloured,,False,
f88r,28780,9,sprouts,,sprouts,,False,
f88r,28782,1,f,,f,,False,
f88r,28782,2,r,,r,,False,
f88r,28782,3,Lf,,lf,,False,
f88r,28782,4,H,,h,,False,
f88r,28782,5,otoky,,otok,y,True,
f88r,28783,1,f,,f,,False,
f88r,28783,2,r,,r,,False,
f88r,28783,3,Lf,,lf,,False,
f88r,28783,4,V,,v,,False,
f88r,28783,5,otoky,,otok,y,True,
f88r,28784,1,f,,f,,False,
f88r,28784,2,r,,r,,False,
f88r,28784,3,Lf,,lf,,False,
f88r,28784,4,L,,l,,False,
f88r,28784,5,otoky,,otok,y,True,
f88r,28785,1,f,,f,,False,
f88r,28785,2,r,,r,,False,
f88r,28785,3,Lf,,lf,,False,
f88r,28785,4,K,,k,,False,
f88r,28785,5,otoky,,otok,y,True,
f88r,28785,6,was,,was,,False,
f88r,28785,7,f,,f,,False,
f88r,28785,8,r,,r,,False,
f88r,28785,9,A,,a,,False,
f88r,28785,10,K,,k,,False,
f88r,28787,1,plant,,plant,,False,
f88r,28787,2,light,,light,,False,
f88r,28787,3,coloured,,coloured,,False,
f88r,28787,4,roots,,roots,,False,
f88r,28787,5,dark,,dark,,False,
f88r,28787,6,leaf,,leaf,,False,
f88r,28789,1,f,,f,,False,
f88r,28789,2,r,,r,,False,
f88r,28789,3,Lf,,lf,,False,
f88r,28789,4,H,,h,,False,
f88r,28789,5,otaly,,otal,y,True,
f88r,28790,1,f,,f,,False,
f88r,28790,2,r,,r,,False,
f88r,28790,3,Lf,,lf,,False,
f88r,28790,4,V,,v,,False,
f88r,28790,5,otaly,,otal,y,True,
f88r,28791,1,f,,f,,False,
f88r,28791,2,r,,r,,False,
f88r,28791,3,Lf,,lf,,False,
f88r,28791,4,L,,l,,False,
f88r,28791,5,otaly,,otal,y,True,
f88r,28793,1,leaf,,leaf,,False,
f88r,28793,2,of,,of,,False,
f88r,28793,3,plant,,plant,,False,
f88r,28796,1,panel,,panel,,False,
f88r,28796,2,f,,f,,False,
f88r,28796,3,r,,r,,False,
f88r,28796,4,top,,top,,False,
f88r,28796,5,text,,text,,False,
f88r,28797,1,Last,,last,,False,
f88r,28797,2,edited,,edited,,False,
f88r,28797,3,on,,o,n,True,
f88r,28797,4,by,,b,y,True,
f88r,28797,5,stolfi,,stolfi,,False,
f88r,28799,1,f,,f,,False,
f88r,28799,2,r,,r,,False,
f88r,28799,3,P,,p,,False,
f88r,28799,4,H,,h,,False,
f88r,28799,5,dorsheoy,,dorsheo,y,True,
f88r,28799,6,ctheol,cth,eol,,True,measure/proc (hyp.)
f88r,28799,7,qockhey,qo,ckhe,y,True,bind/opcode
f88r,28799,8,dory,,dor,y,True,
f88r,28799,9,sheor,sh,eor,,True,register/select (variant)
f88r,28799,10,sholfchor,sh,olfchor,,True,register/select (variant)
f88r,28799,11,dal,,dal,,False,
f88r,28799,12,chckhod,ch,ckhod,,True,register/select
f88r,28800,1,f,,f,,False,
f88r,28800,2,r,,r,,False,
f88r,28800,3,P,,p,,False,
f88r,28800,4,F,,f,,False,
f88r,28800,5,darsheoy,,darsheo,y,True,
f88r,28800,6,ctheol,cth,eol,,True,measure/proc (hyp.)
f88r,28800,7,qockhey,qo,ckhe,y,True,bind/opcode
f88r,28800,8,dary,,dar,y,True,
f88r,28800,9,sheor,sh,eor,,True,register/select (variant)
f88r,28800,10,sholfchor,sh,olfchor,,True,register/select (variant)
f88r,28800,11,dal,,dal,,False,
f88r,28800,12,chcthol,ch,cthol,,True,register/select
f88r,28801,1,f,,f,,False,
f88r,28801,2,r,,r,,False,
f88r,28801,3,P,,p,,False,
f88r,28801,4,L,,l,,False,
f88r,28801,5,dorsheoy,,dorsheo,y,True,
f88r,28801,6,ctheol,cth,eol,,True,measure/proc (hyp.)
f88r,28801,7,qockhey,qo,ckhe,y,True,bind/opcode
f88r,28801,8,dora,,dora,,False,
f88r,28801,9,sheor,sh,eor,,True,register/select (variant)
f88r,28801,10,sholpchor,sh,olpchor,,True,register/select (variant)
f88r,28801,11,dal,,dal,,False,
f88r,28801,12,chcthod,ch,cthod,,True,register/select
f88r,28803,1,f,,f,,False,
f88r,28803,2,r,,r,,False,
f88r,28803,3,P,,p,,False,
f88r,28803,4,H,,h,,False,
f88r,28803,5,sal,,sal,,False,
f88r,28803,6,sheom,sh,eom,,True,register/select (variant)
f88r,28803,7,kol,,kol,,False,
f88r,28803,8,chear,ch,ear,,True,register/select
f88r,28803,9,shekor,sh,ekor,,True,register/select (variant)
f88r,28803,10,qokor,qok,or,,True,bind+modifier
f88r,28803,11,daiin,,da,iin,True,
f88r,28803,12,sar,,sar,,False,
f88r,28803,13,raiin,,ra,iin,True,
f88r,28803,14,oky,,ok,y,True,
f88r,28803,15,sam,,sam,,False,
f88r,28804,1,f,,f,,False,
f88r,28804,2,r,,r,,False,
f88r,28804,3,P,,p,,False,
f88r,28804,4,F,,f,,False,
f88r,28804,5,sal,,sal,,False,
f88r,28804,6,sheam,sh,eam,,True,register/select (variant)
f88r,28804,7,kol,,kol,,False,
f88r,28804,8,cheyr,ch,eyr,,True,register/select
f88r,28804,9,shekar,sh,ekar,,True,register/select (variant)
f88r,28804,10,qokor,qok,or,,True,bind+modifier
f88r,28804,11,daiin,,da,iin,True,
f88r,28804,12,sar,,sar,,False,
f88r,28804,13,saiin,,sa,iin,True,
f88r,28804,14,oky,,ok,y,True,
f88r,28804,15,sam,,sam,,False,
f88r,28805,1,f,,f,,False,
f88r,28805,2,r,,r,,False,
f88r,28805,3,P,,p,,False,
f88r,28805,4,L,,l,,False,
f88r,28805,5,sal,,sal,,False,
f88r,28805,6,eeoj,,eeoj,,False,
f88r,28805,7,kol,,kol,,False,
f88r,28805,8,chean,ch,ea,n,True,register/select
f88r,28805,9,shekor,sh,ekor,,True,register/select (variant)
f88r,28805,10,qokor,qok,or,,True,bind+modifier
f88r,28805,11,daiin,,da,iin,True,
f88r,28805,12,rar,,rar,,False,
f88r,28805,13,raiin,,ra,iin,True,
f88r,28805,14,oky,,ok,y,True,
f88r,28805,15,raj,,raj,,False,
f88r,28807,1,f,,f,,False,
f88r,28807,2,r,,r,,False,
f88r,28807,3,P,,p,,False,
f88r,28807,4,H,,h,,False,
f88r,28807,5,oai,,oai,,False,
f88r,28807,6,n,,,n,True,
f88r,28807,7,or,,or,,False,
f88r,28807,8,om,,om,,False,
f88r,28807,9,otam,,otam,,False,
f88r,28807,10,okeom,,okeom,,False,
f88r,28807,11,cheeor,ch,eeor,,True,register/select
f88r,28807,12,qokeody,qok,eo,dy,True,bind+modifier
f88r,28807,13,dar,,dar,,False,
f88r,28807,14,or,,or,,False,
f88r,28807,15,om,,om,,False,
f88r,28807,16,cheody,ch,eo,dy,True,register/select
f88r,28808,1,f,,f,,False,
f88r,28808,2,r,,r,,False,
f88r,28808,3,P,,p,,False,
f88r,28808,4,F,,f,,False,
f88r,28808,5,oaiin,,oa,iin,True,
f88r,28808,6,or,,or,,False,
f88r,28808,7,am,,am,,False,
f88r,28808,8,otam,,otam,,False,
f88r,28808,9,okeom,,okeom,,False,
f88r,28808,10,cheeor,ch,eeor,,True,register/select
f88r,28808,11,qokeody,qok,eo,dy,True,bind+modifier
f88r,28808,12,dar,,dar,,False,
f88r,28808,13,or,,or,,False,
f88r,28808,14,om,,om,,False,
f88r,28808,15,cheody,ch,eo,dy,True,register/select
f88r,28809,1,f,,f,,False,
f88r,28809,2,r,,r,,False,
f88r,28809,3,P,,p,,False,
f88r,28809,4,L,,l,,False,
f88r,28809,5,oai,,oai,,False,
f88r,28809,6,n,,,n,True,
f88r,28809,7,or,,or,,False,
f88r,28809,8,oj,,oj,,False,
f88r,28809,9,otaj,,otaj,,False,
f88r,28809,10,ok,,ok,,False,
f88r,28809,11,oj,,oj,,False,
f88r,28809,12,cheeor,ch,eeor,,True,register/select
f88r,28809,13,qokeody,qok,eo,dy,True,bind+modifier
f88r,28809,14,dar,,dar,,False,
f88r,28809,15,or,,or,,False,
f88r,28809,16,oj,,oj,,False,
f88r,28809,17,cheody,ch,eo,dy,True,register/select
f88r,28811,1,f,,f,,False,
f88r,28811,2,r,,r,,False,
f88r,28811,3,P,,p,,False,
f88r,28811,4,H,,h,,False,
f88r,28811,5,qokeol,qok,eol,,True,bind+modifier
f88r,28811,6,cheol,ch,eol,,True,register/select
f88r,28811,7,saiin,,sa,iin,True,
f88r,28811,8,cheos,ch,eos,,True,register/select
f88r,28811,9,cheol,ch,eol,,True,register/select
f88r,28811,10,doleeey,,doleee,y,True,
f88r,28811,11,or,,or,,False,
f88r,28811,12,cheom,ch,eom,,True,register/select
f88r,28811,13,cheomam,ch,eomam,,True,register/select
f88r,28812,1,f,,f,,False,
f88r,28812,2,r,,r,,False,
f88r,28812,3,P,,p,,False,
f88r,28812,4,F,,f,,False,
f88r,28812,5,qokeol,qok,eol,,True,bind+modifier
f88r,28812,6,cheol,ch,eol,,True,register/select
f88r,28812,7,saiin,,sa,iin,True,
f88r,28812,8,cheos,ch,eos,,True,register/select
f88r,28812,9,cheol,ch,eol,,True,register/select
f88r,28812,10,doleeey,,doleee,y,True,
f88r,28812,11,or,,or,,False,
f88r,28812,12,cheom,ch,eom,,True,register/select
f88r,28812,13,cheomam,ch,eomam,,True,register/select
f88r,28813,1,f,,f,,False,
f88r,28813,2,r,,r,,False,
f88r,28813,3,P,,p,,False,
f88r,28813,4,L,,l,,False,
f88r,28813,5,qokeol,qok,eol,,True,bind+modifier
f88r,28813,6,cheol,ch,eol,,True,register/select
f88r,28813,7,saiin,,sa,iin,True,
f88r,28813,8,cheos,ch,eos,,True,register/select
f88r,28813,9,cheol,ch,eol,,True,register/select
f88r,28813,10,doleeey,,doleee,y,True,
f88r,28813,11,or,,or,,False,
f88r,28813,12,cheoj,ch,eoj,,True,register/select
f88r,28813,13,cheojaj,ch,eojaj,,True,register/select
f88r,28815,1,f,,f,,False,
f88r,28815,2,r,,r,,False,
f88r,28815,3,P,,p,,False,
f88r,28815,4,H,,h,,False,
f88r,28815,5,yokeody,,yokeo,dy,True,
f88r,28815,6,cheom,ch,eom,,True,register/select
f88r,28815,7,qoor,qo,or,,True,bind/opcode
f88r,28815,8,chees,ch,ees,,True,register/select
f88r,28815,9,ykeor,,ykeor,,False,
f88r,28815,10,shy,sh,,y,True,register/select (variant)
f88r,28815,11,sam,,sam,,False,
f88r,28815,12,plant,,plant,,False,
f88r,28816,1,f,,f,,False,
f88r,28816,2,r,,r,,False,
f88r,28816,3,P,,p,,False,
f88r,28816,4,F,,f,,False,
f88r,28816,5,yokeody,,yokeo,dy,True,
f88r,28816,6,cheom,ch,eom,,True,register/select
f88r,28816,7,qoor,qo,or,,True,bind/opcode
f88r,28816,8,chees,ch,ees,,True,register/select
f88r,28816,9,yteor,,yteor,,False,
f88r,28816,10,shy,sh,,y,True,register/select (variant)
f88r,28816,11,sam,,sam,,False,
f88r,28816,12,plant,,plant,,False,
f88r,28817,1,f,,f,,False,
f88r,28817,2,r,,r,,False,
f88r,28817,3,P,,p,,False,
f88r,28817,4,L,,l,,False,
f88r,28817,5,yokeody,,yokeo,dy,True,
f88r,28817,6,cheoj,ch,eoj,,True,register/select
f88r,28817,7,qoor,qo,or,,True,bind/opcode
f88r,28817,8,cheen,ch,ee,n,True,register/select
f88r,28817,9,ykeor,,ykeor,,False,
f88r,28817,10,shy,sh,,y,True,register/select (variant)
f88r,28817,11,saj,,saj,,False,
f88r,28817,12,plant,,plant,,False,
f88r,28820,1,panel,,panel,,False,
f88r,28820,2,f,,f,,False,
f88r,28820,3,r,,r,,False,
f88r,28820,4,middle,,middle,,False,
f88r,28820,5,row,,row,,False,
f88r,28820,6,of,,of,,False,
f88r,28820,7,labels,,labels,,False,
f88r,28821,1,Last,,last,,False,
f88r,28821,2,edited,,edited,,False,
f88r,28821,3,on,,o,n,True,
f88r,28821,4,by,,b,y,True,
f88r,28821,5,stolfi,,stolfi,,False,
f88r,28823,1,There,,there,,False,
f88r,28823,2,are,,are,,False,
f88r,28823,3,labels,,labels,,False,
f88r,28823,4,and,,and,,False,
f88r,28823,5,plants,,plants,,False,
f88r,28823,6,the,,the,,False,
f88r,28823,7,last,,last,,False,
f88r,28823,8,one,,one,,False,
f88r,28823,9,with,,with,,False,
f88r,28823,10,two,,two,,False,
f88r,28823,11,kinds,,kinds,,False,
f88r,28823,12,of,,of,,False,
f88r,28823,13,leaves,,leaves,,False,
f88r,28824,1,It,,it,,False,
f88r,28824,2,is,,is,,False,
f88r,28824,3,not,,not,,False,
f88r,28824,4,clear,,clear,,False,
f88r,28824,5,which,,which,,False,
f88r,28824,6,goes,,goes,,False,
f88r,28824,7,with,,with,,False,
f88r,28824,8,which,,which,,False,
f88r,28826,1,container,,container,,False,
f88r,28828,1,f,,f,,False,
f88r,28828,2,r,,r,,False,
f88r,28828,3,Lc,,lc,,False,
f88r,28828,4,H,,h,,False,
f88r,28828,5,otaldy,,otal,dy,True,
f88r,28829,1,f,,f,,False,
f88r,28829,2,r,,r,,False,
f88r,28829,3,Lc,,lc,,False,
f88r,28829,4,V,,v,,False,
f88r,28829,5,otaldy,,otal,dy,True,
f88r,28830,1,f,,f,,False,
f88r,28830,2,r,,r,,False,
f88r,28830,3,Lc,,lc,,False,
f88r,28830,4,L,,l,,False,
f88r,28830,5,otaldy,,otal,dy,True,
f88r,28831,1,f,,f,,False,
f88r,28831,2,r,,r,,False,
f88r,28831,3,Lc,,lc,,False,
f88r,28831,4,K,,k,,False,
f88r,28831,5,otal,,otal,,False,
f88r,28831,6,y,,,y,True,
f88r,28831,7,was,,was,,False,
f88r,28831,8,f,,f,,False,
f88r,28831,9,r,,r,,False,
f88r,28831,10,A,,a,,False,
f88r,28831,11,K,,k,,False,
f88r,28833,1,plant,,plant,,False,
f88r,28833,2,light,,light,,False,
f88r,28833,3,and,,and,,False,
f88r,28833,4,dark,,dark,,False,
f88r,28833,5,roots,,roots,,False,
f88r,28833,6,dark,,dark,,False,
f88r,28833,7,flowers,,flowers,,False,
f88r,28835,1,f,,f,,False,
f88r,28835,2,r,,r,,False,
f88r,28835,3,Lf,,lf,,False,
f88r,28835,4,H,,h,,False,
f88r,28835,5,oram,,oram,,False,
f88r,28836,1,f,,f,,False,
f88r,28836,2,r,,r,,False,
f88r,28836,3,Lf,,lf,,False,
f88r,28836,4,V,,v,,False,
f88r,28836,5,oram,,oram,,False,
f88r,28837,1,f,,f,,False,
f88r,28837,2,r,,r,,False,
f88r,28837,3,Lf,,lf,,False,
f88r,28837,4,L,,l,,False,
f88r,28837,5,oram,,oram,,False,
f88r,28838,1,f,,f,,False,
f88r,28838,2,r,,r,,False,
f88r,28838,3,Lf,,lf,,False,
f88r,28838,4,K,,k,,False,
f88r,28838,5,oram,,oram,,False,
f88r,28838,6,was,,was,,False,
f88r,28838,7,f,,f,,False,
f88r,28838,8,r,,r,,False,
f88r,28838,9,B,,b,,False,
f88r,28838,10,K,,k,,False,
f88r,28840,1,plant,,plant,,False,
f88r,28840,2,light,,light,,False,
f88r,28840,3,dark,,dark,,False,
f88r,28840,4,roots,,roots,,False,
f88r,28840,5,dark,,dark,,False,
f88r,28840,6,where,,where,,False,
f88r,28840,7,stem,,stem,,False,
f88r,28840,8,meets,,meets,,False,
f88r,28840,9,roots,,roots,,False,
f88r,28842,1,f,,f,,False,
f88r,28842,2,r,,r,,False,
f88r,28842,3,Lf,,lf,,False,
f88r,28842,4,H,,h,,False,
f88r,28842,5,dary,,dar,y,True,
f88r,28843,1,f,,f,,False,
f88r,28843,2,r,,r,,False,
f88r,28843,3,Lf,,lf,,False,
f88r,28843,4,V,,v,,False,
f88r,28843,5,dary,,dar,y,True,
f88r,28844,1,f,,f,,False,
f88r,28844,2,r,,r,,False,
f88r,28844,3,Lf,,lf,,False,
f88r,28844,4,L,,l,,False,
f88r,28844,5,ara,,ara,,False,
f88r,28845,1,f,,f,,False,
f88r,28845,2,r,,r,,False,
f88r,28845,3,Lf,,lf,,False,
f88r,28845,4,K,,k,,False,
f88r,28845,5,dary,,dar,y,True,
f88r,28845,6,was,,was,,False,
f88r,28845,7,f,,f,,False,
f88r,28845,8,r,,r,,False,
f88r,28845,9,A,,a,,False,
f88r,28845,10,K,,k,,False,
f88r,28847,1,plant,,plant,,False,
f88r,28847,2,Blotchy,,blotch,y,True,
f88r,28847,3,flower,,flower,,False,
f88r,28849,1,f,,f,,False,
f88r,28849,2,r,,r,,False,
f88r,28849,3,Lf,,lf,,False,
f88r,28849,4,H,,h,,False,
f88r,28849,5,okol,,okol,,False,
f88r,28850,1,f,,f,,False,
f88r,28850,2,r,,r,,False,
f88r,28850,3,Lf,,lf,,False,
f88r,28850,4,V,,v,,False,
f88r,28850,5,okol,,okol,,False,
f88r,28851,1,f,,f,,False,
f88r,28851,2,r,,r,,False,
f88r,28851,3,Lf,,lf,,False,
f88r,28851,4,L,,l,,False,
f88r,28851,5,okol,,okol,,False,
f88r,28852,1,f,,f,,False,
f88r,28852,2,r,,r,,False,
f88r,28852,3,Lf,,lf,,False,
f88r,28852,4,K,,k,,False,
f88r,28852,5,okol,,okol,,False,
f88r,28852,6,was,,was,,False,
f88r,28852,7,f,,f,,False,
f88r,28852,8,r,,r,,False,
f88r,28852,9,A,,a,,False,
f88r,28852,10,K,,k,,False,
f88r,28854,1,plant,,plant,,False,
f88r,28854,2,light,,light,,False,
f88r,28854,3,coloured,,coloured,,False,
f88r,28854,4,hairy,,hair,y,True,
f88r,28854,5,root,,root,,False,
f88r,28854,6,dark,,dark,,False,
f88r,28854,7,leaf,,leaf,,False,
f88r,28856,1,f,,f,,False,
f88r,28856,2,r,,r,,False,
f88r,28856,3,Lf,,lf,,False,
f88r,28856,4,H,,h,,False,
f88r,28856,5,sorory,,soror,y,True,
f88r,28857,1,f,,f,,False,
f88r,28857,2,r,,r,,False,
f88r,28857,3,Lf,,lf,,False,
f88r,28857,4,V,,v,,False,
f88r,28857,5,sarary,,sarar,y,True,
f88r,28858,1,f,,f,,False,
f88r,28858,2,r,,r,,False,
f88r,28858,3,Lf,,lf,,False,
f88r,28858,4,L,,l,,False,
f88r,28858,5,sorory,,soror,y,True,
f88r,28859,1,f,,f,,False,
f88r,28859,2,r,,r,,False,
f88r,28859,3,Lf,,lf,,False,
f88r,28859,4,K,,k,,False,
f88r,28859,5,sorory,,soror,y,True,
f88r,28859,6,was,,was,,False,
f88r,28859,7,f,,f,,False,
f88r,28859,8,r,,r,,False,
f88r,28859,9,B,,b,,False,
f88r,28859,10,K,,k,,False,
f88r,28861,1,plant,,plant,,False,
f88r,28861,2,speckled,,speckled,,False,
f88r,28861,3,root,,root,,False,
f88r,28861,4,hand,,hand,,False,
f88r,28861,5,shaped,sh,aped,,True,register/select (variant)
f88r,28861,6,leaf,,leaf,,False,
f88r,28863,1,plant,,plant,,False,
f88r,28863,2,second,,second,,False,
f88r,28863,3,set,,set,,False,
f88r,28863,4,of,,of,,False,
f88r,28863,5,leaves,,leaves,,False,
f88r,28863,6,triangular,,triangular,,False,
f88r,28865,1,f,,f,,False,
f88r,28865,2,r,,r,,False,
f88r,28865,3,Lf,,lf,,False,
f88r,28865,4,H,,h,,False,
f88r,28865,5,otyda,,otyda,,False,
f88r,28866,1,f,,f,,False,
f88r,28866,2,r,,r,,False,
f88r,28866,3,Lf,,lf,,False,
f88r,28866,4,V,,v,,False,
f88r,28866,5,otyd,,otyd,,False,
f88r,28867,1,f,,f,,False,
f88r,28867,2,r,,r,,False,
f88r,28867,3,Lf,,lf,,False,
f88r,28867,4,L,,l,,False,
f88r,28867,5,otyda,,otyda,,False,
f88r,28868,1,f,,f,,False,
f88r,28868,2,r,,r,,False,
f88r,28868,3,Lf,,lf,,False,
f88r,28868,4,K,,k,,False,
f88r,28868,5,otyda,,otyda,,False,
f88r,28868,6,was,,was,,False,
f88r,28868,7,f,,f,,False,
f88r,28868,8,r,,r,,False,
f88r,28868,9,A,,a,,False,
f88r,28868,10,K,,k,,False,
f88r,28872,1,panel,,panel,,False,
f88r,28872,2,f,,f,,False,
f88r,28872,3,r,,r,,False,
f88r,28872,4,middle,,middle,,False,
f88r,28872,5,text,,text,,False,
f88r,28873,1,Last,,last,,False,
f88r,28873,2,edited,,edited,,False,
f88r,28873,3,on,,o,n,True,
f88r,28873,4,by,,b,y,True,
f88r,28873,5,stolfi,,stolfi,,False,
f88r,28875,1,f,,f,,False,
f88r,28875,2,r,,r,,False,
f88r,28875,3,P,,p,,False,
f88r,28875,4,H,,h,,False,
f88r,28875,5,koaiphhy,,koaiphh,y,True,
f88r,28875,6,cphol,,cphol,,False,
f88r,28875,7,orchor,,orchor,,False,
f88r,28875,8,pcheoly,,pcheol,y,True,
f88r,28875,9,otchol,,otchol,,False,
f88r,28875,10,oldy,,ol,dy,True,
f88r,28875,11,sal,,sal,,False,
f88r,28875,12,saly,,sal,y,True,
f88r,28876,1,f,,f,,False,
f88r,28876,2,r,,r,,False,
f88r,28876,3,P,,p,,False,
f88r,28876,4,F,,f,,False,
f88r,28876,5,koacph,,koacph,,False,
f88r,28876,6,y,,,y,True,
f88r,28876,7,cphol,,cphol,,False,
f88r,28876,8,orchor,,orchor,,False,
f88r,28876,9,pcheoly,,pcheol,y,True,
f88r,28876,10,otchol,,otchol,,False,
f88r,28876,11,oldy,,ol,dy,True,
f88r,28876,12,sal,,sal,,False,
f88r,28876,13,saly,,sal,y,True,
f88r,28877,1,f,,f,,False,
f88r,28877,2,r,,r,,False,
f88r,28877,3,P,,p,,False,
f88r,28877,4,L,,l,,False,
f88r,28877,5,koackhey,,koackhe,y,True,
f88r,28877,6,cphol,,cphol,,False,
f88r,28877,7,orchor,,orchor,,False,
f88r,28877,8,pcheoly,,pcheol,y,True,
f88r,28877,9,otchol,,otchol,,False,
f88r,28877,10,oldy,,ol,dy,True,
f88r,28877,11,sal,,sal,,False,
f88r,28877,12,saly,,sal,y,True,
f88r,28879,1,f,,f,,False,
f88r,28879,2,r,,r,,False,
f88r,28879,3,P,,p,,False,
f88r,28879,4,H,,h,,False,
f88r,28879,5,dchey,,dche,y,True,
f88r,28879,6,chokol,ch,okol,,True,register/select
f88r,28879,7,daiin,,da,iin,True,
f88r,28879,8,qoekol,qo,ekol,,True,bind/opcode
f88r,28879,9,qoekol,qo,ekol,,True,bind/opcode
f88r,28879,10,qockhoy,qo,ckho,y,True,bind/opcode
f88r,28879,11,okol,,okol,,False,
f88r,28879,12,cheol,ch,eol,,True,register/select
f88r,28880,1,f,,f,,False,
f88r,28880,2,r,,r,,False,
f88r,28880,3,P,,p,,False,
f88r,28880,4,F,,f,,False,
f88r,28880,5,dchey,,dche,y,True,
f88r,28880,6,chokal,ch,okal,,True,register/select
f88r,28880,7,daiin,,da,iin,True,
f88r,28880,8,qoekol,qo,ekol,,True,bind/opcode
f88r,28880,9,qoekol,qo,ekol,,True,bind/opcode
f88r,28880,10,qockhol,qo,ckhol,,True,bind/opcode
f88r,28880,11,okol,,okol,,False,
f88r,28880,12,cheol,ch,eol,,True,register/select
f88r,28881,1,f,,f,,False,
f88r,28881,2,r,,r,,False,
f88r,28881,3,P,,p,,False,
f88r,28881,4,L,,l,,False,
f88r,28881,5,dch,,dch,,False,
f88r,28881,6,y,,,y,True,
f88r,28881,7,chokol,ch,okol,,True,register/select
f88r,28881,8,daiin,,da,iin,True,
f88r,28881,9,qoekol,qo,ekol,,True,bind/opcode
f88r,28881,10,qoekol,qo,ekol,,True,bind/opcode
f88r,28881,11,qockhoy,qo,ckho,y,True,bind/opcode
f88r,28881,12,okol,,okol,,False,
f88r,28881,13,cheol,ch,eol,,True,register/select
f88r,28883,1,f,,f,,False,
f88r,28883,2,r,,r,,False,
f88r,28883,3,P,,p,,False,
f88r,28883,4,H,,h,,False,
f88r,28883,5,dsheol,,dsheol,,False,
f88r,28883,6,qokeey,qok,ee,y,True,bind+modifier
f88r,28883,7,s,,s,,False,
f88r,28883,8,chy,ch,,y,True,register/select
f88r,28883,9,saiin,,sa,iin,True,
f88r,28883,10,chor,ch,or,,True,register/select
f88r,28883,11,oteor,,oteor,,False,
f88r,28883,12,aiin,,a,iin,True,
f88r,28883,13,chosals,ch,osals,,True,register/select
f88r,28884,1,f,,f,,False,
f88r,28884,2,r,,r,,False,
f88r,28884,3,P,,p,,False,
f88r,28884,4,F,,f,,False,
f88r,28884,5,dsheol,,dsheol,,False,
f88r,28884,6,qokeey,qok,ee,y,True,bind+modifier
f88r,28884,7,s,,s,,False,
f88r,28884,8,chy,ch,,y,True,register/select
f88r,28884,9,saiin,,sa,iin,True,
f88r,28884,10,chor,ch,or,,True,register/select
f88r,28884,11,oteor,,oteor,,False,
f88r,28884,12,aiin,,a,iin,True,
f88r,28884,13,chosals,ch,osals,,True,register/select
f88r,28885,1,f,,f,,False,
f88r,28885,2,r,,r,,False,
f88r,28885,3,P,,p,,False,
f88r,28885,4,L,,l,,False,
f88r,28885,5,dsheol,,dsheol,,False,
f88r,28885,6,qokeey,qok,ee,y,True,bind+modifier
f88r,28885,7,s,,s,,False,
f88r,28885,8,chy,ch,,y,True,register/select
f88r,28885,9,daiin,,da,iin,True,
f88r,28885,10,chor,ch,or,,True,register/select
f88r,28885,11,oteor,,oteor,,False,
f88r,28885,12,aiin,,a,iin,True,
f88r,28885,13,chosals,ch,osals,,True,register/select
f88r,28887,1,f,,f,,False,
f88r,28887,2,r,,r,,False,
f88r,28887,3,P,,p,,False,
f88r,28887,4,H,,h,,False,
f88r,28887,5,teol,,teol,,False,
f88r,28887,6,chor,ch,or,,True,register/select
f88r,28887,7,olsheody,,olsheo,dy,True,
f88r,28887,8,qokeol,qok,eol,,True,bind+modifier
f88r,28887,9,shoikhy,sh,oikh,y,True,register/select (variant)
f88r,28887,10,ol,,ol,,False,
f88r,28887,11,sheeol,sh,eeol,,True,register/select (variant)
f88r,28887,12,sheol,sh,eol,,True,register/select (variant)
f88r,28887,13,dg,,dg,,False,
f88r,28888,1,f,,f,,False,
f88r,28888,2,r,,r,,False,
f88r,28888,3,P,,p,,False,
f88r,28888,4,F,,f,,False,
f88r,28888,5,teol,,teol,,False,
f88r,28888,6,chor,ch,or,,True,register/select
f88r,28888,7,olsheody,,olsheo,dy,True,
f88r,28888,8,qokeol,qok,eol,,True,bind+modifier
f88r,28888,9,shockhy,sh,ockh,y,True,register/select (variant)
f88r,28888,10,ol,,ol,,False,
f88r,28888,11,sheeol,sh,eeol,,True,register/select (variant)
f88r,28888,12,sheol,sh,eol,,True,register/select (variant)
f88r,28888,13,dm,,dm,,False,
f88r,28889,1,f,,f,,False,
f88r,28889,2,r,,r,,False,
f88r,28889,3,P,,p,,False,
f88r,28889,4,L,,l,,False,
f88r,28889,5,teol,,teol,,False,
f88r,28889,6,chor,ch,or,,True,register/select
f88r,28889,7,olsheody,,olsheo,dy,True,
f88r,28889,8,qokeol,qok,eol,,True,bind+modifier
f88r,28889,9,shockhy,sh,ockh,y,True,register/select (variant)
f88r,28889,10,ol,,ol,,False,
f88r,28889,11,sheeol,sh,eeol,,True,register/select (variant)
f88r,28889,12,sheol,sh,eol,,True,register/select (variant)
f88r,28889,13,dm,,dm,,False,
f88r,28891,1,f,,f,,False,
f88r,28891,2,r,,r,,False,
f88r,28891,3,P,,p,,False,
f88r,28891,4,H,,h,,False,
f88r,28891,5,ychey,,yche,y,True,
f88r,28891,6,okaiin,,oka,iin,True,
f88r,28891,7,chol,ch,ol,,True,register/select
f88r,28891,8,cheor,ch,eor,,True,register/select
f88r,28891,9,ol,,ol,,False,
f88r,28891,10,chor,ch,or,,True,register/select
f88r,28891,11,chol,ch,ol,,True,register/select
f88r,28891,12,sal,,sal,,False,
f88r,28891,13,plant,,plant,,False,
f88r,28892,1,f,,f,,False,
f88r,28892,2,r,,r,,False,
f88r,28892,3,P,,p,,False,
f88r,28892,4,F,,f,,False,
f88r,28892,5,ychey,,yche,y,True,
f88r,28892,6,okaiin,,oka,iin,True,
f88r,28892,7,chol,ch,ol,,True,register/select
f88r,28892,8,cheor,ch,eor,,True,register/select
f88r,28892,9,ol,,ol,,False,
f88r,28892,10,chor,ch,or,,True,register/select
f88r,28892,11,chol,ch,ol,,True,register/select
f88r,28892,12,sal,,sal,,False,
f88r,28892,13,plant,,plant,,False,
f88r,28893,1,f,,f,,False,
f88r,28893,2,r,,r,,False,
f88r,28893,3,P,,p,,False,
f88r,28893,4,L,,l,,False,
f88r,28893,5,ychey,,yche,y,True,
f88r,28893,6,okaiin,,oka,iin,True,
f88r,28893,7,chol,ch,ol,,True,register/select
f88r,28893,8,cheor,ch,eor,,True,register/select
f88r,28893,9,ol,,ol,,False,
f88r,28893,10,chor,ch,or,,True,register/select
f88r,28893,11,chol,ch,ol,,True,register/select
f88r,28893,12,sal,,sal,,False,
f88r,28893,13,plant,,plant,,False,
f88r,28896,1,panel,,panel,,False,
f88r,28896,2,f,,f,,False,
f88r,28896,3,r,,r,,False,
f88r,28896,4,bottom,,bottom,,False,
f88r,28896,5,row,,row,,False,
f88r,28896,6,of,,of,,False,
f88r,28896,7,plant,,plant,,False,
f88r,28896,8,labels,,labels,,False,
f88r,28896,9,between,,betwee,n,True,
f88r,28896,10,paragrpahs,,paragrpahs,,False,
f88r,28896,11,and,,and,,False,
f88r,28897,1,Last,,last,,False,
f88r,28897,2,edited,,edited,,False,
f88r,28897,3,on,,o,n,True,
f88r,28897,4,by,,b,y,True,
f88r,28897,5,stolfi,,stolfi,,False,
f88r,28899,1,There,,there,,False,
f88r,28899,2,are,,are,,False,
f88r,28899,3,three,,three,,False,
f88r,28899,4,labels,,labels,,False,
f88r,28899,5,and,,and,,False,
f88r,28899,6,two,,two,,False,
f88r,28899,7,plants,,plants,,False,
f88r,28899,8,in,,i,n,True,
f88r,28899,9,this,,this,,False,
f88r,28899,10,row,,row,,False,
f88r,28900,1,But,,but,,False,
f88r,28900,2,there,,there,,False,
f88r,28900,3,is,,is,,False,
f88r,28900,4,an,,a,n,True,
f88r,28900,5,unlabeled,,unlabeled,,False,
f88r,28900,6,plant,,plant,,False,
f88r,28900,7,below,,below,,False,
f88r,28900,8,paragraph,,paragraph,,False,
f88r,28902,1,container,,container,,False,
f88r,28904,1,f,,f,,False,
f88r,28904,2,r,,r,,False,
f88r,28904,3,Lc,,lc,,False,
f88r,28904,4,H,,h,,False,
f88r,28904,5,ofyskydal,,ofyskydal,,False,
f88r,28905,1,f,,f,,False,
f88r,28905,2,r,,r,,False,
f88r,28905,3,Lc,,lc,,False,
f88r,28905,4,L,,l,,False,
f88r,28905,5,opyrkydal,,opyrkydal,,False,
f88r,28906,1,f,,f,,False,
f88r,28906,2,r,,r,,False,
f88r,28906,3,Lc,,lc,,False,
f88r,28906,4,K,,k,,False,
f88r,28906,5,ofyskydal,,ofyskydal,,False,
f88r,28906,6,was,,was,,False,
f88r,28906,7,f,,f,,False,
f88r,28906,8,r,,r,,False,
f88r,28906,9,A,,a,,False,
f88r,28906,10,K,,k,,False,
f88r,28907,1,f,,f,,False,
f88r,28907,2,r,,r,,False,
f88r,28907,3,Lc,,lc,,False,
f88r,28907,4,V,,v,,False,
f88r,28907,5,ofyskydal,,ofyskydal,,False,
f88r,28909,1,f,,f,,False,
f88r,28909,2,r,,r,,False,
f88r,28909,3,Lf,,lf,,False,
f88r,28909,4,H,,h,,False,
f88r,28909,5,otor,,otor,,False,
f88r,28909,6,am,,am,,False,
f88r,28910,1,f,,f,,False,
f88r,28910,2,r,,r,,False,
f88r,28910,3,Lf,,lf,,False,
f88r,28910,4,L,,l,,False,
f88r,28910,5,otor,,otor,,False,
f88r,28910,6,am,,am,,False,
f88r,28911,1,f,,f,,False,
f88r,28911,2,r,,r,,False,
f88r,28911,3,Lf,,lf,,False,
f88r,28911,4,K,,k,,False,
f88r,28911,5,otor,,otor,,False,
f88r,28911,6,am,,am,,False,
f88r,28911,7,was,,was,,False,
f88r,28911,8,f,,f,,False,
f88r,28911,9,r,,r,,False,
f88r,28911,10,B,,b,,False,
f88r,28911,11,K,,k,,False,
f88r,28913,1,plant,,plant,,False,
f88r,28913,2,bulb,,bulb,,False,
f88r,28913,3,with,,with,,False,
f88r,28913,4,thin,,thi,n,True,
f88r,28913,5,roots,,roots,,False,
f88r,28913,6,triangular,,triangular,,False,
f88r,28913,7,serrated,,serrated,,False,
f88r,28913,8,leaves,,leaves,,False,
f88r,28915,1,plant,,plant,,False,
f88r,28915,2,light,,light,,False,
f88r,28915,3,coloured,,coloured,,False,
f88r,28915,4,roots,,roots,,False,
f88r,28915,5,with,,with,,False,
f88r,28915,6,bumps,,bumps,,False,
f88r,28915,7,dark,,dark,,False,
f88r,28915,8,flower,,flower,,False,
f88r,28915,9,leaves,,leaves,,False,
f88r,28917,1,f,,f,,False,
f88r,28917,2,r,,r,,False,
f88r,28917,3,Lf,,lf,,False,
f88r,28917,4,H,,h,,False,
f88r,28917,5,ofaldo,,ofaldo,,False,
f88r,28918,1,f,,f,,False,
f88r,28918,2,r,,r,,False,
f88r,28918,3,Lf,,lf,,False,
f88r,28918,4,L,,l,,False,
f88r,28918,5,opaldo,,opaldo,,False,
f88r,28919,1,f,,f,,False,
f88r,28919,2,r,,r,,False,
f88r,28919,3,Lf,,lf,,False,
f88r,28919,4,K,,k,,False,
f88r,28919,5,ofaldo,,ofaldo,,False,
f88r,28919,6,was,,was,,False,
f88r,28919,7,f,,f,,False,
f88r,28919,8,r,,r,,False,
f88r,28919,9,A,,a,,False,
f88r,28919,10,K,,k,,False,
f88r,28920,1,f,,f,,False,
f88r,28920,2,r,,r,,False,
f88r,28920,3,Lf,,lf,,False,
f88r,28920,4,V,,v,,False,
f88r,28920,5,ofaldo,,ofaldo,,False,
f88r,28922,1,roots,,roots,,False,
f88r,28922,2,of,,of,,False,
f88r,28922,3,plant,,plant,,False,
f88r,28924,1,panel,,panel,,False,
f88r,28924,2,f,,f,,False,
f88r,28924,3,r,,r,,False,
f88r,28924,4,bottom,,bottom,,False,
f88r,28924,5,text,,text,,False,
f88r,28925,1,Last,,last,,False,
f88r,28925,2,edited,,edited,,False,
f88r,28925,3,on,,o,n,True,
f88r,28925,4,by,,b,y,True,
f88r,28925,5,stolfi,,stolfi,,False,
f88r,28927,1,f,,f,,False,
f88r,28927,2,r,,r,,False,
f88r,28927,3,P,,p,,False,
f88r,28927,4,H,,h,,False,
f88r,28927,5,poeeas,,poeeas,,False,
f88r,28927,6,sheoky,sh,eok,y,True,register/select (variant)
f88r,28927,7,olkeey,,olkee,y,True,
f88r,28927,8,cthol,cth,ol,,True,measure/proc (hyp.)
f88r,28927,9,poldy,,pol,dy,True,
f88r,28927,10,s,,s,,False,
f88r,28927,11,plant,,plant,,False,
f88r,28927,12,okoldy,,okol,dy,True,
f88r,28927,13,plant,,plant,,False,
f88r,28928,1,f,,f,,False,
f88r,28928,2,r,,r,,False,
f88r,28928,3,P,,p,,False,
f88r,28928,4,F,,f,,False,
f88r,28928,5,poeeor,,poeeor,,False,
f88r,28928,6,sheoky,sh,eok,y,True,register/select (variant)
f88r,28928,7,olkeey,,olkee,y,True,
f88r,28928,8,cthol,cth,ol,,True,measure/proc (hyp.)
f88r,28928,9,poldy,,pol,dy,True,
f88r,28928,10,s,,s,,False,
f88r,28928,11,plant,,plant,,False,
f88r,28928,12,okaldy,,okal,dy,True,
f88r,28928,13,plant,,plant,,False,
f88r,28929,1,f,,f,,False,
f88r,28929,2,r,,r,,False,
f88r,28929,3,P,,p,,False,
f88r,28929,4,L,,l,,False,
f88r,28929,5,poeear,,poeear,,False,
f88r,28929,6,sheoky,sh,eok,y,True,register/select (variant)
f88r,28929,7,olkeey,,olkee,y,True,
f88r,28929,8,cthol,cth,ol,,True,measure/proc (hyp.)
f88r,28929,9,poldy,,pol,dy,True,
f88r,28929,10,s,,s,,False,
f88r,28929,11,plant,,plant,,False,
f88r,28929,12,okoldy,,okol,dy,True,
f88r,28929,13,plant,,plant,,False,
f88r,28931,1,f,,f,,False,
f88r,28931,2,r,,r,,False,
f88r,28931,3,P,,p,,False,
f88r,28931,4,H,,h,,False,
f88r,28931,5,qokol,qok,ol,,True,bind+modifier
f88r,28931,6,chol,ch,ol,,True,register/select
f88r,28931,7,qokol,qok,ol,,True,bind+modifier
f88r,28931,8,qokol,qok,ol,,True,bind+modifier
f88r,28931,9,chol,ch,ol,,True,register/select
f88r,28931,10,cheey,ch,ee,y,True,register/select
f88r,28931,11,or,,or,,False,
f88r,28931,12,aiin,,a,iin,True,
f88r,28931,13,oldal,,oldal,,False,
f88r,28931,14,plant,,plant,,False,
f88r,28932,1,f,,f,,False,
f88r,28932,2,r,,r,,False,
f88r,28932,3,P,,p,,False,
f88r,28932,4,F,,f,,False,
f88r,28932,5,qokal,qok,al,,True,bind+modifier
f88r,28932,6,chol,ch,ol,,True,register/select
f88r,28932,7,qokol,qok,ol,,True,bind+modifier
f88r,28932,8,qokol,qok,ol,,True,bind+modifier
f88r,28932,9,chol,ch,ol,,True,register/select
f88r,28932,10,cheey,ch,ee,y,True,register/select
f88r,28932,11,ar,,ar,,False,
f88r,28932,12,aiin,,a,iin,True,
f88r,28932,13,oldal,,oldal,,False,
f88r,28932,14,plant,,plant,,False,
f88r,28933,1,f,,f,,False,
f88r,28933,2,r,,r,,False,
f88r,28933,3,P,,p,,False,
f88r,28933,4,L,,l,,False,
f88r,28933,5,qokol,qok,ol,,True,bind+modifier
f88r,28933,6,chol,ch,ol,,True,register/select
f88r,28933,7,qokol,qok,ol,,True,bind+modifier
f88r,28933,8,qokol,qok,ol,,True,bind+modifier
f88r,28933,9,chol,ch,ol,,True,register/select
f88r,28933,10,cheey,ch,ee,y,True,register/select
f88r,28933,11,or,,or,,False,
f88r,28933,12,aiin,,a,iin,True,
f88r,28933,13,oldal,,oldal,,False,
f88r,28933,14,plant,,plant,,False,
f88r,28935,1,f,,f,,False,
f88r,28935,2,r,,r,,False,
f88r,28935,3,P,,p,,False,
f88r,28935,4,H,,h,,False,
f88r,28935,5,ykar,,ykar,,False,
f88r,28935,6,cheol,ch,eol,,True,register/select
f88r,28935,7,chol,ch,ol,,True,register/select
f88r,28935,8,chey,ch,e,y,True,register/select
f88r,28935,9,ckhey,,ckhe,y,True,
f88r,28935,10,s,,s,,False,
f88r,28935,11,or,,or,,False,
f88r,28935,12,shear,sh,ear,,True,register/select (variant)
f88r,28935,13,ar,,ar,,False,
f88r,28935,14,alsy,,als,y,True,
f88r,28935,15,plant,,plant,,False,
f88r,28936,1,f,,f,,False,
f88r,28936,2,r,,r,,False,
f88r,28936,3,P,,p,,False,
f88r,28936,4,F,,f,,False,
f88r,28936,5,ykar,,ykar,,False,
f88r,28936,6,cheol,ch,eol,,True,register/select
f88r,28936,7,chol,ch,ol,,True,register/select
f88r,28936,8,chey,ch,e,y,True,register/select
f88r,28936,9,ckhey,,ckhe,y,True,
f88r,28936,10,s,,s,,False,
f88r,28936,11,or,,or,,False,
f88r,28936,12,shear,sh,ear,,True,register/select (variant)
f88r,28936,13,ar,,ar,,False,
f88r,28936,14,alsy,,als,y,True,
f88r,28936,15,plant,,plant,,False,
f88r,28937,1,f,,f,,False,
f88r,28937,2,r,,r,,False,
f88r,28937,3,P,,p,,False,
f88r,28937,4,L,,l,,False,
f88r,28937,5,okor,,okor,,False,
f88r,28937,6,cheol,ch,eol,,True,register/select
f88r,28937,7,chol,ch,ol,,True,register/select
f88r,28937,8,choy,ch,o,y,True,register/select
f88r,28937,9,ckhey,,ckhe,y,True,
f88r,28937,10,s,,s,,False,
f88r,28937,11,or,,or,,False,
f88r,28937,12,shear,sh,ear,,True,register/select (variant)
f88r,28937,13,ar,,ar,,False,
f88r,28937,14,alsy,,als,y,True,
f88r,28937,15,plant,,plant,,False,
f88r,28939,1,f,,f,,False,
f88r,28939,2,r,,r,,False,
f88r,28939,3,P,,p,,False,
f88r,28939,4,H,,h,,False,
f88r,28939,5,kor,,kor,,False,
f88r,28939,6,chey,ch,e,y,True,register/select
f88r,28939,7,qokol,qok,ol,,True,bind+modifier
f88r,28939,8,cheol,ch,eol,,True,register/select
f88r,28939,9,chody,ch,o,dy,True,register/select
f88r,28939,10,qokol,qok,ol,,True,bind+modifier
f88r,28939,11,kchor,,kchor,,False,
f88r,28939,12,chol,ch,ol,,True,register/select
f88r,28939,13,dal,,dal,,False,
f88r,28939,14,plant,,plant,,False,
f88r,28940,1,f,,f,,False,
f88r,28940,2,r,,r,,False,
f88r,28940,3,P,,p,,False,
f88r,28940,4,F,,f,,False,
f88r,28940,5,tor,,tor,,False,
f88r,28940,6,chey,ch,e,y,True,register/select
f88r,28940,7,qokol,qok,ol,,True,bind+modifier
f88r,28940,8,cheol,ch,eol,,True,register/select
f88r,28940,9,chody,ch,o,dy,True,register/select
f88r,28940,10,qokol,qok,ol,,True,bind+modifier
f88r,28940,11,chos,ch,os,,True,register/select
f88r,28940,12,chol,ch,ol,,True,register/select
f88r,28940,13,dal,,dal,,False,
f88r,28940,14,plant,,plant,,False,
f88r,28941,1,f,,f,,False,
f88r,28941,2,r,,r,,False,
f88r,28941,3,P,,p,,False,
f88r,28941,4,L,,l,,False,
f88r,28941,5,kor,,kor,,False,
f88r,28941,6,chey,ch,e,y,True,register/select
f88r,28941,7,qokol,qok,ol,,True,bind+modifier
f88r,28941,8,cheol,ch,eol,,True,register/select
f88r,28941,9,chody,ch,o,dy,True,register/select
f88r,28941,10,qokol,qok,ol,,True,bind+modifier
f88r,28941,11,kchor,,kchor,,False,
f88r,28941,12,chol,ch,ol,,True,register/select
f88r,28941,13,dol,,dol,,False,
f88r,28941,14,plant,,plant,,False,
f88r,28943,1,f,,f,,False,
f88r,28943,2,r,,r,,False,
f88r,28943,3,P,,p,,False,
f88r,28943,4,H,,h,,False,
f88r,28943,5,ykeeey,,ykeee,y,True,
f88r,28943,6,cheor,ch,eor,,True,register/select
f88r,28943,7,cheotey,ch,eote,y,True,register/select
f88r,28943,8,cheol,ch,eol,,True,register/select
f88r,28943,9,qokeor,qok,eor,,True,bind+modifier
f88r,28943,10,chetchy,ch,etch,y,True,register/select
f88r,28943,11,ofal,,ofal,,False,
f88r,28943,12,plant,,plant,,False,
f88r,28944,1,f,,f,,False,
f88r,28944,2,r,,r,,False,
f88r,28944,3,P,,p,,False,
f88r,28944,4,F,,f,,False,
f88r,28944,5,ykee,,ykee,,False,
f88r,28944,6,y,,,y,True,
f88r,28944,7,cheor,ch,eor,,True,register/select
f88r,28944,8,cheotey,ch,eote,y,True,register/select
f88r,28944,9,cheol,ch,eol,,True,register/select
f88r,28944,10,qokeor,qok,eor,,True,bind+modifier
f88r,28944,11,chetchy,ch,etch,y,True,register/select
f88r,28944,12,ofal,,ofal,,False,
f88r,28944,13,plant,,plant,,False,
f88r,28945,1,f,,f,,False,
f88r,28945,2,r,,r,,False,
f88r,28945,3,P,,p,,False,
f88r,28945,4,L,,l,,False,
f88r,28945,5,ykeeeo,,ykeeeo,,False,
f88r,28945,6,cheor,ch,eor,,True,register/select
f88r,28945,7,cheotey,ch,eote,y,True,register/select
f88r,28945,8,cheol,ch,eol,,True,register/select
f88r,28945,9,qokeor,qok,eor,,True,bind+modifier
f88r,28945,10,chetchy,ch,etch,y,True,register/select
f88r,28945,11,opal,,opal,,False,
f88r,28945,12,plant,,plant,,False,
f88r,28947,1,f,,f,,False,
f88r,28947,2,r,,r,,False,
f88r,28947,3,P,,p,,False,
f88r,28947,4,H,,h,,False,
f88r,28947,5,dar,,dar,,False,
f88r,28947,6,chear,ch,ear,,True,register/select
f88r,28947,7,chol,ch,ol,,True,register/select
f88r,28947,8,dol,,dol,,False,
f88r,28947,9,qoekeor,qo,ekeor,,True,bind/opcode
f88r,28947,10,cheom,ch,eom,,True,register/select
f88r,28948,1,f,,f,,False,
f88r,28948,2,r,,r,,False,
f88r,28948,3,P,,p,,False,
f88r,28948,4,F,,f,,False,
f88r,28948,5,dar,,dar,,False,
f88r,28948,6,ch,ch,,,True,register/select
f88r,28948,7,ar,,ar,,False,
f88r,28948,8,chol,ch,ol,,True,register/select
f88r,28948,9,dol,,dol,,False,
f88r,28948,10,qoekeor,qo,ekeor,,True,bind/opcode
f88r,28948,11,cheom,ch,eom,,True,register/select
f88r,28949,1,f,,f,,False,
f88r,28949,2,r,,r,,False,
f88r,28949,3,P,,p,,False,
f88r,28949,4,L,,l,,False,
f88r,28949,5,dar,,dar,,False,
f88r,28949,6,chear,ch,ear,,True,register/select
f88r,28949,7,chol,ch,ol,,True,register/select
f88r,28949,8,dol,,dol,,False,
f88r,28949,9,qoekeol,qo,ekeol,,True,bind/opcode
f88r,28949,10,cheom,ch,eom,,True,register/select
f88r,28952,1,f,,f,,False,
f88r,28952,2,v,,v,,False,
f88r,28952,3,I,,i,,False,
f88r,28952,4,P,,p,,False,
f88r,28952,5,Q,,q,,False,
f88r,28952,6,O,,o,,False,
f88r,28952,7,P,,p,,False,
f88r,28952,8,D,,d,,False,
f88r,28952,9,L,,l,,False,
f88r,28952,10,A,,a,,False,
f88r,28952,11,H,,h,,False,
f88r,28953,1,Last,,last,,False,
f88r,28953,2,edited,,edited,,False,
f88r,28953,3,on,,o,n,True,
f88r,28953,4,by,,b,y,True,
f88r,28953,5,stolfi,,stolfi,,False,
f88r,28955,1,Identification,,identificatio,n,True,
f88r,28957,1,Title,,title,,False,
f88r,28958,1,Page,,page,,False,
f88r,28958,2,f,,f,,False,
f88r,28958,3,v,,v,,False,
f88r,28958,4,OD,,od,,False,
f88r,28958,5,Rene,,rene,,False,
f88r,28958,6,p,,p,,False,
f88r,28958,7,Stolfi,,stolfi,,False,
f88r,28959,1,Folio,,folio,,False,
f88r,28959,2,f,,f,,False,
