token,folio,count_per_folio
a,f100r,16
a,f100v,15
a,f101r,4
a,f101v,196
a,f102r,14
a,f102v,6
a,f103r,2
a,f105r,2
a,f106v,2
a,f107r,20
a,f107v,1
a,f108r,1
a,f10r,2
a,f10v,2
a,f111r,3
a,f111v,2
a,f112v,7
a,f113r,3
a,f115r,2
a,f116v,49
a,f11r,2
a,f11v,2
a,f13r,2
a,f13v,2
a,f14r,2
a,f14v,2
a,f15r,2
a,f15v,2
a,f16r,4
a,f16v,4
a,f17r,5
a,f17v,2
a,f18r,4
a,f18v,2
a,f19r,2
a,f19v,3
a,f1r,26
a,f1v,6
a,f20r,2
a,f20v,2
a,f21r,2
a,f21v,2
a,f22r,2
a,f22v,3
a,f23r,2
a,f23v,2
a,f24r,2
a,f24v,7
a,f25r,2
a,f25v,1
a,f26v,1
a,f27r,2
a,f27v,2
a,f28r,2
a,f28v,3
a,f29r,3
a,f29v,2
a,f2r,11
a,f2v,12
a,f30r,2
a,f30v,1
a,f31r,2
a,f31v,1
a,f32r,2
a,f32v,4
a,f34r,4
a,f34v,1
a,f35r,2
a,f35v,2
a,f36r,2
a,f36v,2
a,f37r,2
a,f37v,2
a,f38r,2
a,f38v,1
a,f39r,15
a,f3r,8
a,f3v,10
a,f40v,8
a,f41v,1
a,f42r,2
a,f42v,1
a,f43r,1
a,f43v,5
a,f44r,2
a,f44v,5
a,f45r,2
a,f45v,1
a,f46v,4
a,f47r,2
a,f47v,1
a,f48r,2
a,f48v,7
a,f49r,11
a,f49v,3
a,f4r,4
a,f4v,5
a,f50r,2
a,f50v,1
a,f51r,2
a,f51v,2
a,f52r,2
a,f52v,2
a,f53r,3
a,f53v,2
a,f54r,2
a,f54v,2
a,f55v,1
a,f56r,3
a,f56v,6
a,f57r,1
a,f57v,11
a,f58r,4
a,f58v,4
a,f5r,9
a,f5v,10
a,f65r,2
a,f65v,2
a,f66r,15
a,f66v,10
a,f67r,33
a,f67v,25
a,f68r,39
a,f68v,52
a,f69r,23
a,f69v,8
a,f6r,5
a,f6v,5
a,f70r,21
a,f70v,112
a,f71r,25
a,f71v,26
a,f72r,87
a,f72v,57
a,f73r,7
a,f73v,13
a,f75v,6
a,f76r,7
a,f76v,1
a,f78r,3
a,f79v,1
a,f7r,8
a,f7v,4
a,f80r,2
a,f82r,7
a,f82v,2
a,f84r,3
a,f85r,37
a,f86r,138
a,f86v,67
a,f87r,2
a,f87v,4
a,f88v,15
a,f89r,46
a,f89v,23
a,f8r,9
a,f8v,7
a,f90r,7
a,f90v,7
a,f93r,3
a,f93v,1
a,f95r,11
a,f95v,3
a,f96r,5
a,f96v,3
a,f99r,9
a,f99v,3
a,f9r,3
a,f9v,8
alternating,f101v,1
alternating,f69r,1
alternating,f69v,1
alternating,f86r,1
alternating,f86v,1
alternating,f88v,4
alternating,f89r,3
alternating,f89v,6
alternating,f99r,2
are,f100r,4
are,f101v,25
are,f102r,5
are,f102v,2
are,f107r,2
are,f10r,1
are,f116v,4
are,f11r,1
are,f16r,1
are,f17r,2
are,f1r,7
are,f22v,1
are,f2r,3
are,f2v,1
are,f34r,1
are,f39r,2
are,f3r,4
are,f3v,1
are,f49r,4
are,f49v,4
are,f4v,1
are,f56r,1
are,f57v,9
are,f58r,5
are,f58v,1
are,f5r,1
are,f5v,2
are,f65v,1
are,f66r,4
are,f66v,4
are,f67r,6
are,f67v,10
are,f68r,4
are,f68v,9
are,f69r,5
are,f69v,2
are,f6r,3
are,f6v,1
are,f70r,9
are,f70v,31
are,f71r,5
are,f71v,7
are,f72r,21
are,f72v,9
are,f73r,3
are,f73v,3
are,f75v,5
are,f7v,1
are,f84r,3
are,f85r,8
are,f86r,44
are,f86v,15
are,f88v,3
are,f89r,6
are,f89v,6
are,f8v,1
are,f95r,1
are,f99r,4
are,f99v,2
are,f9r,1
are,f9v,7
attributes,f100r,1
attributes,f100v,1
attributes,f101r,1
attributes,f101v,1
attributes,f102r,2
attributes,f102v,2
attributes,f103r,1
attributes,f103v,1
attributes,f104r,1
attributes,f104v,1
attributes,f105r,1
attributes,f105v,1
attributes,f106r,1
attributes,f106v,1
attributes,f107r,1
attributes,f107v,1
attributes,f108r,1
attributes,f108v,1
attributes,f10r,1
attributes,f10v,1
attributes,f111r,1
attributes,f111v,1
attributes,f112r,1
attributes,f112v,1
attributes,f113r,1
attributes,f113v,1
attributes,f114r,1
attributes,f114v,1
attributes,f115r,1
attributes,f115v,1
attributes,f116r,1
attributes,f116v,1
attributes,f11r,1
attributes,f11v,1
attributes,f13r,1
attributes,f13v,1
attributes,f14r,1
attributes,f14v,1
attributes,f15r,1
attributes,f15v,1
attributes,f16r,1
attributes,f16v,1
attributes,f17r,1
attributes,f17v,1
attributes,f18r,1
attributes,f18v,1
attributes,f19r,1
attributes,f19v,1
attributes,f1r,1
attributes,f1v,1
attributes,f20r,1
attributes,f20v,1
attributes,f21r,1
attributes,f21v,1
attributes,f22r,1
attributes,f22v,1
attributes,f23r,1
attributes,f23v,1
attributes,f24r,1
attributes,f24v,1
attributes,f25r,1
attributes,f25v,1
attributes,f26r,1
attributes,f26v,1
attributes,f27r,1
attributes,f27v,1
attributes,f28r,1
attributes,f28v,1
attributes,f29r,1
attributes,f29v,1
attributes,f2r,1
attributes,f2v,1
attributes,f30r,1
attributes,f30v,1
attributes,f31r,1
attributes,f31v,1
attributes,f32r,1
attributes,f32v,1
attributes,f33r,1
attributes,f33v,1
attributes,f34r,1
attributes,f34v,1
attributes,f35r,1
attributes,f35v,1
attributes,f36r,1
attributes,f36v,1
attributes,f37r,1
attributes,f37v,1
attributes,f38r,1
attributes,f38v,1
attributes,f39r,1
attributes,f39v,1
attributes,f3r,1
attributes,f3v,1
attributes,f40r,1
attributes,f40v,1
attributes,f41r,1
attributes,f41v,1
attributes,f42r,1
attributes,f42v,1
attributes,f43r,1
attributes,f43v,1
attributes,f44r,1
attributes,f44v,1
attributes,f45r,1
attributes,f45v,1
attributes,f46r,1
attributes,f46v,1
attributes,f47r,1
attributes,f47v,1
attributes,f48r,1
attributes,f48v,1
attributes,f49r,1
attributes,f49v,1
attributes,f4r,1
attributes,f4v,1
attributes,f50r,1
attributes,f50v,1
attributes,f51r,1
attributes,f51v,1
attributes,f52r,1
attributes,f52v,1
attributes,f53r,1
attributes,f53v,1
attributes,f54r,1
attributes,f54v,1
attributes,f55r,1
attributes,f55v,1
attributes,f56r,1
attributes,f56v,1
attributes,f57r,1
attributes,f57v,1
attributes,f58r,1
attributes,f58v,1
attributes,f5r,1
attributes,f5v,1
attributes,f65r,1
attributes,f65v,1
attributes,f66r,1
attributes,f66v,1
attributes,f67r,2
attributes,f67v,2
attributes,f68r,3
attributes,f68v,3
attributes,f69r,1
attributes,f69v,1
attributes,f6r,1
attributes,f6v,1
attributes,f70r,2
attributes,f70v,4
attributes,f71r,1
attributes,f71v,1
attributes,f72r,4
attributes,f72v,3
attributes,f73r,1
attributes,f73v,1
attributes,f75r,1
attributes,f75v,1
attributes,f76r,1
attributes,f76v,1
attributes,f77r,1
attributes,f77v,1
attributes,f78r,1
attributes,f78v,1
attributes,f79r,1
attributes,f79v,1
attributes,f7r,1
attributes,f7v,1
attributes,f80r,1
attributes,f80v,1
attributes,f81r,1
attributes,f81v,1
attributes,f82r,1
attributes,f82v,1
attributes,f83r,1
attributes,f83v,1
attributes,f84r,1
attributes,f84v,2
attributes,f85r,2
attributes,f86v,4
attributes,f87r,1
attributes,f87v,1
attributes,f88v,1
attributes,f89r,2
attributes,f89v,2
attributes,f8r,1
attributes,f8v,1
attributes,f90r,2
attributes,f90v,2
attributes,f93r,1
attributes,f93v,1
attributes,f94r,1
attributes,f94v,1
attributes,f95r,2
attributes,f95v,2
attributes,f96r,1
attributes,f96v,1
attributes,f99r,1
attributes,f99v,1
attributes,f9r,1
attributes,f9v,1
aug,f101v,2
aug,f107r,1
aug,f1r,1
b,f100r,2
b,f100v,13
b,f101v,48
b,f102v,1
b,f103r,3
b,f103v,2
b,f104r,2
b,f104v,2
b,f105r,2
b,f105v,2
b,f106r,2
b,f106v,2
b,f107r,2
b,f107v,2
b,f108r,2
b,f108v,2
b,f10r,3
b,f10v,3
b,f111r,2
b,f111v,2
b,f112r,2
b,f112v,2
b,f113r,2
b,f113v,2
b,f114r,2
b,f114v,2
b,f115r,2
b,f115v,2
b,f116r,1
b,f116v,2
b,f11r,3
b,f11v,2
b,f13r,2
b,f13v,2
b,f14r,2
b,f14v,2
b,f15r,2
b,f15v,2
b,f16r,2
b,f16v,2
b,f17r,2
b,f18r,1
b,f1r,2
b,f22r,1
b,f25r,1
b,f25v,1
b,f26r,2
b,f26v,1
b,f29v,1
b,f30v,1
b,f31r,2
b,f31v,1
b,f32v,1
b,f33r,3
b,f33v,3
b,f34r,3
b,f34v,1
b,f37v,1
b,f38v,2
b,f39r,2
b,f39v,3
b,f3v,1
b,f40r,2
b,f40v,2
b,f41r,3
b,f41v,2
b,f42v,1
b,f43r,2
b,f43v,2
b,f44r,1
b,f45v,2
b,f46r,2
b,f46v,2
b,f47v,2
b,f48r,2
b,f48v,1
b,f49r,1
b,f49v,1
b,f50r,2
b,f50v,1
b,f54v,1
b,f55r,2
b,f55v,1
b,f56v,1
b,f57r,2
b,f57v,1
b,f5r,1
b,f5v,1
b,f65v,1
b,f66r,2
b,f66v,2
b,f69r,1
b,f6v,1
b,f70r,1
b,f71r,1
b,f73r,1
b,f73v,2
b,f75r,5
b,f75v,4
b,f76r,4
b,f76v,4
b,f77r,4
b,f77v,4
b,f78r,5
b,f78v,6
b,f79r,6
b,f79v,5
b,f80r,4
b,f80v,4
b,f81r,4
b,f81v,4
b,f82r,4
b,f82v,5
b,f83r,4
b,f83v,4
b,f84r,4
b,f84v,5
b,f85r,4
b,f86r,10
b,f86v,7
b,f87r,1
b,f88v,3
b,f89r,11
b,f89v,9
b,f8v,2
b,f93r,1
b,f93v,1
b,f94r,2
b,f94v,2
b,f95r,4
b,f95v,3
b,f99r,1
b,f99v,1
b,f9r,3
b,f9v,3
be,f100r,1
be,f101v,24
be,f102r,2
be,f102v,1
be,f107r,10
be,f10v,1
be,f116v,15
be,f11r,1
be,f16r,1
be,f17r,4
be,f18r,1
be,f1r,5
be,f1v,1
be,f27r,1
be,f2r,1
be,f2v,1
be,f33r,1
be,f33v,1
be,f34r,2
be,f34v,1
be,f35r,1
be,f35v,1
be,f36r,1
be,f36v,1
be,f37r,1
be,f37v,1
be,f38r,1
be,f38v,1
be,f39r,2
be,f39v,1
be,f40r,1
be,f40v,1
be,f46v,1
be,f48v,1
be,f49r,1
be,f49v,1
be,f4v,1
be,f57v,3
be,f58v,1
be,f66r,1
be,f67r,7
be,f67v,7
be,f68r,2
be,f68v,8
be,f69r,2
be,f70r,4
be,f70v,13
be,f71r,1
be,f71v,1
be,f72r,4
be,f72v,12
be,f73r,2
be,f73v,2
be,f75r,1
be,f75v,7
be,f82r,2
be,f84v,4
be,f85r,10
be,f86r,23
be,f86v,12
be,f89r,1
be,f89v,39
be,f95r,2
be,f95v,1
be,f9r,1
be,f9v,2
beinecke,f100r,1
beinecke,f100v,1
beinecke,f101r,1
beinecke,f101v,2
beinecke,f102r,2
beinecke,f102v,2
beinecke,f103r,1
beinecke,f103v,1
beinecke,f104r,1
beinecke,f104v,1
beinecke,f105r,1
beinecke,f105v,1
beinecke,f106r,1
beinecke,f106v,1
beinecke,f107r,1
beinecke,f107v,1
beinecke,f108r,1
beinecke,f108v,1
beinecke,f10r,1
beinecke,f10v,1
beinecke,f111r,1
beinecke,f111v,1
beinecke,f112r,1
beinecke,f112v,1
beinecke,f113r,1
beinecke,f113v,1
beinecke,f114r,1
beinecke,f114v,1
beinecke,f115r,1
beinecke,f115v,1
beinecke,f116r,1
beinecke,f116v,1
beinecke,f11r,1
beinecke,f11v,1
beinecke,f13r,1
beinecke,f13v,1
beinecke,f14r,1
beinecke,f14v,1
beinecke,f15r,1
beinecke,f15v,1
beinecke,f16r,1
beinecke,f16v,1
beinecke,f17r,1
beinecke,f17v,1
beinecke,f18r,1
beinecke,f18v,1
beinecke,f19r,1
beinecke,f19v,1
beinecke,f1r,1
beinecke,f1v,1
beinecke,f20r,1
beinecke,f20v,1
beinecke,f21r,1
beinecke,f21v,1
beinecke,f22r,1
beinecke,f22v,1
beinecke,f23r,1
beinecke,f23v,1
beinecke,f24r,1
beinecke,f24v,1
beinecke,f25r,1
beinecke,f25v,1
beinecke,f26r,1
beinecke,f26v,1
beinecke,f27r,1
beinecke,f27v,1
beinecke,f28r,1
beinecke,f28v,1
beinecke,f29r,1
beinecke,f29v,1
beinecke,f2r,1
beinecke,f2v,1
beinecke,f30r,1
beinecke,f30v,1
beinecke,f31r,1
beinecke,f31v,1
beinecke,f32r,1
beinecke,f32v,1
beinecke,f33r,1
beinecke,f33v,1
beinecke,f34r,1
beinecke,f34v,1
beinecke,f35r,1
beinecke,f35v,1
beinecke,f36r,1
beinecke,f36v,1
beinecke,f37r,1
beinecke,f37v,1
beinecke,f38r,1
beinecke,f38v,1
beinecke,f39r,1
beinecke,f39v,1
beinecke,f3r,1
beinecke,f3v,1
beinecke,f40r,1
beinecke,f40v,1
beinecke,f41r,1
beinecke,f41v,1
beinecke,f42r,1
beinecke,f42v,1
beinecke,f43r,1
beinecke,f43v,1
beinecke,f44r,1
beinecke,f44v,1
beinecke,f45r,1
beinecke,f45v,1
beinecke,f46r,1
beinecke,f46v,1
beinecke,f47r,1
beinecke,f47v,1
beinecke,f48r,1
beinecke,f48v,1
beinecke,f49r,1
beinecke,f49v,1
beinecke,f4r,1
beinecke,f4v,1
beinecke,f50r,1
beinecke,f50v,1
beinecke,f51r,1
beinecke,f51v,1
beinecke,f52r,1
beinecke,f52v,1
beinecke,f53r,1
beinecke,f53v,1
beinecke,f54r,1
beinecke,f54v,1
beinecke,f55r,1
beinecke,f55v,1
beinecke,f56r,1
beinecke,f56v,1
beinecke,f57r,1
beinecke,f57v,1
beinecke,f58r,1
beinecke,f58v,1
beinecke,f5r,1
beinecke,f5v,1
beinecke,f65r,1
beinecke,f65v,1
beinecke,f66r,1
beinecke,f66v,1
beinecke,f67r,2
beinecke,f67v,2
beinecke,f68r,3
beinecke,f68v,3
beinecke,f69r,1
beinecke,f69v,1
beinecke,f6r,1
beinecke,f6v,1
beinecke,f70r,2
beinecke,f70v,2
beinecke,f71r,1
beinecke,f71v,1
beinecke,f72r,3
beinecke,f72v,3
beinecke,f73r,1
beinecke,f73v,1
beinecke,f75r,1
beinecke,f75v,1
beinecke,f76r,1
beinecke,f76v,1
beinecke,f77r,1
beinecke,f77v,1
beinecke,f78r,1
beinecke,f78v,1
beinecke,f79r,1
beinecke,f79v,1
beinecke,f7r,1
beinecke,f7v,1
beinecke,f80r,1
beinecke,f80v,1
beinecke,f81r,1
beinecke,f81v,1
beinecke,f82r,1
beinecke,f82v,1
beinecke,f83r,1
beinecke,f83v,1
beinecke,f84r,1
beinecke,f84v,1
beinecke,f85r,3
beinecke,f86v,4
beinecke,f87r,1
beinecke,f87v,1
beinecke,f88v,1
beinecke,f89r,2
beinecke,f89v,2
beinecke,f8r,1
beinecke,f8v,1
beinecke,f90r,2
beinecke,f90v,2
beinecke,f93r,1
beinecke,f93v,1
beinecke,f94r,1
beinecke,f94v,1
beinecke,f95r,2
beinecke,f95v,2
beinecke,f96r,1
beinecke,f96v,1
beinecke,f99r,1
beinecke,f99v,1
beinecke,f9r,1
beinecke,f9v,1
below,f100r,1
below,f101v,3
below,f102r,1
below,f102v,1
below,f116v,5
below,f11v,1
below,f17r,1
below,f1v,2
below,f2v,1
below,f39r,1
below,f3r,1
below,f56r,1
below,f58v,3
below,f65v,1
below,f67r,4
below,f67v,2
below,f68r,1
below,f68v,1
below,f69r,1
below,f70v,9
below,f71r,1
below,f71v,1
below,f72r,4
below,f72v,2
below,f73r,1
below,f75v,7
below,f78r,1
below,f7r,1
below,f80r,1
below,f82r,1
below,f82v,1
below,f83v,1
below,f84r,13
below,f85r,2
below,f86r,1
below,f86v,2
below,f89r,1
below,f8v,1
below,f99r,2
below,f99v,1
bulb,f101v,1
bulb,f102r,1
bulb,f102v,1
bulb,f83v,2
bulb,f86r,6
bulb,f86v,2
bulb,f99r,4
bulb,f99v,1
but,f101v,9
but,f107r,7
but,f116v,14
but,f11r,1
but,f18r,1
but,f1r,1
but,f2r,1
but,f2v,1
but,f3v,1
but,f40v,1
but,f4v,1
but,f57v,2
but,f58r,1
but,f5r,1
but,f5v,3
but,f67r,1
but,f67v,1
but,f68v,3
but,f69r,1
but,f70r,1
but,f70v,11
but,f71r,1
but,f71v,1
but,f72r,2
but,f72v,5
but,f73r,1
but,f73v,1
but,f75v,1
but,f7r,1
but,f85r,4
but,f86r,12
but,f86v,5
but,f89r,3
but,f89v,2
but,f9v,2
colors,f100r,1
colors,f100v,1
colors,f101r,1
colors,f101v,1
colors,f102r,2
colors,f102v,2
colors,f103r,1
colors,f103v,1
colors,f104r,1
colors,f104v,1
colors,f105r,1
colors,f105v,1
colors,f106r,1
colors,f106v,1
colors,f107r,1
colors,f107v,1
colors,f108r,1
colors,f108v,1
colors,f10r,1
colors,f10v,1
colors,f111r,1
colors,f111v,1
colors,f112r,1
colors,f112v,1
colors,f113r,1
colors,f113v,1
colors,f114r,1
colors,f114v,1
colors,f115r,1
colors,f115v,1
colors,f116r,1
colors,f116v,1
colors,f11r,1
colors,f11v,1
colors,f13r,1
colors,f13v,1
colors,f14r,1
colors,f14v,1
colors,f15r,1
colors,f15v,1
colors,f16r,1
colors,f16v,1
colors,f17r,1
colors,f17v,1
colors,f18r,1
colors,f18v,1
colors,f19r,1
colors,f19v,1
colors,f1r,1
colors,f1v,1
colors,f20r,1
colors,f20v,1
colors,f21r,1
colors,f21v,1
colors,f22r,1
colors,f22v,1
colors,f23r,1
colors,f23v,1
colors,f24r,1
colors,f24v,1
colors,f25r,1
colors,f25v,1
colors,f26r,1
colors,f26v,1
colors,f27r,1
colors,f27v,1
colors,f28r,1
colors,f28v,1
colors,f29r,1
colors,f29v,1
colors,f2r,1
colors,f2v,1
colors,f30r,1
colors,f30v,1
colors,f31r,1
colors,f31v,1
colors,f32r,1
colors,f32v,1
colors,f33r,1
colors,f33v,1
colors,f34r,1
colors,f34v,1
colors,f35r,1
colors,f35v,1
colors,f36r,1
colors,f36v,1
colors,f37r,1
colors,f37v,1
colors,f38r,1
colors,f38v,1
colors,f39r,1
colors,f39v,1
colors,f3r,1
colors,f3v,1
colors,f40r,1
colors,f40v,1
colors,f41r,1
colors,f41v,1
colors,f42r,1
colors,f42v,1
colors,f43r,1
colors,f43v,1
colors,f44r,1
colors,f44v,1
colors,f45r,1
colors,f45v,1
colors,f46r,1
colors,f46v,1
colors,f47r,1
colors,f47v,1
colors,f48r,1
colors,f48v,1
colors,f49r,1
colors,f49v,1
colors,f4r,1
colors,f4v,1
colors,f50r,1
colors,f50v,1
colors,f51r,1
colors,f51v,1
colors,f52r,1
colors,f52v,1
colors,f53r,1
colors,f53v,1
colors,f54r,1
colors,f54v,1
colors,f55r,1
colors,f55v,1
colors,f56r,1
colors,f56v,1
colors,f57r,1
colors,f57v,1
colors,f58r,1
colors,f58v,1
colors,f5r,1
colors,f5v,1
colors,f65r,1
colors,f65v,1
colors,f66r,1
colors,f66v,1
colors,f67r,2
colors,f67v,2
colors,f68r,3
colors,f68v,3
colors,f69r,1
colors,f69v,1
colors,f6r,1
colors,f6v,1
colors,f70r,2
colors,f70v,3
colors,f71r,1
colors,f71v,1
colors,f72r,3
colors,f72v,3
colors,f73r,1
colors,f73v,1
colors,f75r,1
colors,f75v,1
colors,f76r,1
colors,f76v,1
colors,f77r,1
colors,f77v,1
colors,f78r,1
colors,f78v,1
colors,f79r,1
colors,f79v,1
colors,f7r,1
colors,f7v,1
colors,f80r,1
colors,f80v,1
colors,f81r,1
colors,f81v,1
colors,f82r,1
colors,f82v,1
colors,f83r,1
colors,f83v,1
colors,f84r,1
colors,f84v,2
colors,f85r,2
colors,f86v,6
colors,f87r,1
colors,f87v,1
colors,f88v,1
colors,f89r,2
colors,f89v,2
colors,f8r,1
colors,f8v,1
colors,f90r,2
colors,f90v,2
colors,f93r,1
colors,f93v,1
colors,f94r,1
colors,f94v,1
colors,f95r,2
colors,f95v,2
colors,f96r,1
colors,f96v,1
colors,f99r,1
colors,f99v,1
colors,f9r,1
colors,f9v,3
dark,f100r,14
dark,f100v,18
dark,f101v,20
dark,f102r,3
dark,f102v,5
dark,f116v,2
dark,f1v,1
dark,f25r,1
dark,f2r,4
dark,f2v,3
dark,f39r,2
dark,f3r,3
dark,f3v,3
dark,f49r,5
dark,f4r,1
dark,f4v,1
dark,f5r,3
dark,f5v,4
dark,f66v,4
dark,f67r,15
dark,f68r,1
dark,f68v,3
dark,f69r,4
dark,f70v,4
dark,f71r,2
dark,f71v,1
dark,f72r,5
dark,f72v,1
dark,f73r,1
dark,f85r,3
dark,f86r,5
dark,f86v,4
dark,f88v,16
dark,f89r,30
dark,f89v,19
dark,f95r,3
dark,f96r,1
dark,f99r,15
dark,f99v,10
dark,f9v,3
dch,f67v,1
dch,f89v,1
dec,f101v,1
dec,f65v,3
dg,f27v,1
dg,f40r,1
dg,f5v,2
dg,f70r,1
each,f101v,14
each,f102r,1
each,f102v,1
each,f107r,3
each,f116v,4
each,f1r,1
each,f39r,2
each,f3r,2
each,f49v,1
each,f58r,2
each,f5r,1
each,f5v,1
each,f66r,1
each,f66v,4
each,f67r,4
each,f67v,8
each,f68r,2
each,f68v,7
each,f69r,5
each,f69v,2
each,f70r,3
each,f70v,10
each,f71r,4
each,f71v,3
each,f72r,8
each,f72v,8
each,f73r,2
each,f73v,2
each,f75v,1
each,f7r,1
each,f80r,1
each,f85r,4
each,f86r,12
each,f86v,3
each,f89r,3
each,f89v,3
each,f8r,1
each,f8v,1
each,f95r,3
each,f99v,1
f,f100r,95
f,f100v,88
f,f101r,41
f,f101v,1602
f,f102r,138
f,f102v,206
f,f103r,181
f,f103v,156
f,f104r,149
f,f104v,137
f,f105r,119
f,f105v,157
f,f106r,196
f,f106v,247
f,f107r,216
f,f107v,201
f,f108r,205
f,f108v,221
f,f10r,53
f,f10v,40
f,f111r,221
f,f111v,260
f,f112r,222
f,f112v,242
f,f113r,239
f,f113v,198
f,f114r,178
f,f114v,132
f,f115r,142
f,f115v,140
f,f116r,158
f,f116v,14
f,f11r,37
f,f11v,35
f,f13r,45
f,f13v,45
f,f14r,57
f,f14v,50
f,f15r,80
f,f15v,65
f,f16r,58
f,f16v,57
f,f17r,68
f,f17v,97
f,f18r,63
f,f18v,55
f,f19r,58
f,f19v,75
f,f1r,180
f,f1v,47
f,f20r,57
f,f20v,60
f,f21r,53
f,f21v,45
f,f22r,57
f,f22v,85
f,f23r,49
f,f23v,65
f,f24r,85
f,f24v,85
f,f25r,33
f,f25v,33
f,f26r,45
f,f26v,50
f,f27r,71
f,f27v,45
f,f28r,41
f,f28v,50
f,f29r,50
f,f29v,65
f,f2r,58
f,f2v,48
f,f30r,57
f,f30v,49
f,f31r,69
f,f31v,48
f,f32r,81
f,f32v,60
f,f33r,33
f,f33v,60
f,f34r,66
f,f34v,60
f,f35r,66
f,f35v,89
f,f36r,41
f,f36v,61
f,f37r,60
f,f37v,95
f,f38r,29
f,f38v,37
f,f39r,86
f,f39v,75
f,f3r,87
f,f3v,80
f,f40r,49
f,f40v,82
f,f41r,61
f,f41v,45
f,f42r,109
f,f42v,77
f,f43r,86
f,f43v,98
f,f44r,58
f,f44v,64
f,f45r,55
f,f45v,57
f,f46r,79
f,f46v,82
f,f47r,58
f,f47v,68
f,f48r,49
f,f48v,64
f,f49r,97
f,f49v,159
f,f4r,62
f,f4v,77
f,f50r,61
f,f50v,56
f,f51r,70
f,f51v,68
f,f52r,44
f,f52v,64
f,f53r,46
f,f53v,58
f,f54r,53
f,f54v,69
f,f55r,57
f,f55v,53
f,f56r,103
f,f56v,69
f,f57r,49
f,f57v,37
f,f58r,128
f,f58v,86
f,f5r,33
f,f5v,35
f,f65r,8
f,f65v,22
f,f66r,173
f,f66v,44
f,f67r,207
f,f67v,148
f,f68r,138
f,f68v,180
f,f69r,139
f,f69v,70
f,f6r,61
f,f6v,118
f,f70r,132
f,f70v,181
f,f71r,61
f,f71v,62
f,f72r,231
f,f72v,144
f,f73r,41
f,f73v,44
f,f75r,239
f,f75v,256
f,f76r,256
f,f76v,210
f,f77r,216
f,f77v,198
f,f78r,220
f,f78v,165
f,f79r,225
f,f79v,216
f,f7r,48
f,f7v,50
f,f80r,219
f,f80v,225
f,f81r,160
f,f81v,143
f,f82r,191
f,f82v,175
f,f83r,260
f,f83v,160
f,f84r,178
f,f84v,208
f,f85r,172
f,f86r,25
f,f86v,430
f,f87r,52
f,f87v,69
f,f88v,105
f,f89r,304
f,f89v,214
f,f8r,87
f,f8v,90
f,f90r,70
f,f90v,88
f,f93r,197
f,f93v,35
f,f94r,32
f,f94v,42
f,f95r,81
f,f95v,77
f,f96r,57
f,f96v,46
f,f99r,69
f,f99v,82
f,f9r,45
f,f9v,68
flowers,f100r,2
flowers,f101v,7
flowers,f1v,1
flowers,f2r,4
flowers,f2v,1
flowers,f39r,3
flowers,f3r,1
flowers,f3v,1
flowers,f49r,3
flowers,f4r,2
flowers,f4v,1
flowers,f5r,1
flowers,f5v,2
flowers,f65v,1
flowers,f66v,1
flowers,f69r,3
flowers,f6r,1
flowers,f7r,2
flowers,f7v,1
flowers,f86r,1
flowers,f89r,2
flowers,f89v,5
flowers,f94r,1
flowers,f95r,3
flowers,f96r,2
flowers,f9v,7
goes,f102r,2
goes,f107r,2
goes,f68v,1
goes,f70r,2
goes,f70v,1
goes,f86r,5
goes,f89r,1
goes,f89v,1
h,f100r,12
h,f100v,10
h,f101r,11
h,f101v,20
h,f102r,28
h,f102v,33
h,f103r,56
h,f103v,47
h,f104r,46
h,f104v,45
h,f105r,38
h,f105v,39
h,f106r,49
h,f106v,47
h,f107r,51
h,f107v,49
h,f108r,50
h,f108v,53
h,f10r,15
h,f10v,10
h,f111r,54
h,f111v,51
h,f112r,45
h,f112v,47
h,f113r,51
h,f113v,52
h,f114r,44
h,f114v,41
h,f115r,45
h,f115v,45
h,f116r,50
h,f116v,2
h,f11r,10
h,f11v,9
h,f13r,14
h,f13v,13
h,f14r,16
h,f14v,12
h,f15r,18
h,f15v,15
h,f16r,16
h,f16v,16
h,f17r,17
h,f17v,26
h,f18r,17
h,f18v,13
h,f19r,16
h,f19v,17
h,f1r,29
h,f1v,13
h,f20r,17
h,f20v,14
h,f21r,15
h,f21v,11
h,f22r,16
h,f22v,19
h,f23r,14
h,f23v,15
h,f24r,23
h,f24v,19
h,f25r,10
h,f25v,10
h,f26r,13
h,f26v,12
h,f27r,16
h,f27v,11
h,f28r,13
h,f28v,12
h,f29r,12
h,f29v,15
h,f2r,16
h,f2v,11
h,f30r,16
h,f30v,14
h,f31r,19
h,f31v,14
h,f32r,22
h,f32v,14
h,f33r,10
h,f33v,14
h,f34r,18
h,f34v,14
h,f35r,18
h,f35v,24
h,f36r,13
h,f36v,17
h,f37r,14
h,f37v,26
h,f38r,9
h,f38v,11
h,f39r,19
h,f39v,17
h,f3r,23
h,f3v,17
h,f40r,14
h,f40v,22
h,f41r,14
h,f41v,10
h,f42r,26
h,f42v,19
h,f43r,17
h,f43v,19
h,f44r,15
h,f44v,16
h,f45r,14
h,f45v,14
h,f46r,18
h,f46v,16
h,f47r,14
h,f47v,17
h,f48r,12
h,f48v,14
h,f49r,24
h,f49v,31
h,f4r,17
h,f4v,17
h,f50r,13
h,f50v,14
h,f51r,18
h,f51v,16
h,f52r,12
h,f52v,17
h,f53r,12
h,f53v,16
h,f54r,15
h,f54v,19
h,f55r,16
h,f55v,15
h,f56r,22
h,f56v,20
h,f57r,14
h,f57v,9
h,f58r,43
h,f58v,42
h,f5r,10
h,f5v,9
h,f65r,5
h,f65v,9
h,f66r,41
h,f66v,16
h,f67r,53
h,f67v,37
h,f68r,29
h,f68v,44
h,f69r,43
h,f69v,3
h,f6r,17
h,f6v,24
h,f70r,28
h,f70v,14
h,f71r,4
h,f71v,5
h,f72r,24
h,f72v,15
h,f73r,3
h,f73v,4
h,f75r,48
h,f75v,41
h,f76r,48
h,f76v,42
h,f77r,41
h,f77v,38
h,f78r,45
h,f78v,33
h,f79r,45
h,f79v,43
h,f7r,13
h,f7v,12
h,f80r,44
h,f80v,45
h,f81r,32
h,f81v,29
h,f82r,33
h,f82v,35
h,f83r,52
h,f83v,32
h,f84r,36
h,f84v,42
h,f85r,61
h,f86r,1
h,f86v,134
h,f87r,19
h,f87v,18
h,f88v,18
h,f89r,33
h,f89v,32
h,f8r,24
h,f8v,20
h,f90r,19
h,f90v,24
h,f93r,35
h,f93v,13
h,f94r,12
h,f94v,15
h,f95r,26
h,f95v,26
h,f96r,16
h,f96v,14
h,f99r,20
h,f99v,22
h,f9r,13
h,f9v,17
i,f100r,1
i,f100v,1
i,f101r,1
i,f101v,11
i,f102r,5
i,f102v,2
i,f103r,3
i,f103v,1
i,f104r,1
i,f104v,1
i,f105r,1
i,f105v,1
i,f106r,1
i,f106v,2
i,f107r,1
i,f107v,1
i,f108r,4
i,f108v,1
i,f10r,1
i,f10v,1
i,f111r,1
i,f111v,1
i,f112r,1
i,f112v,2
i,f113r,1
i,f113v,3
i,f114r,1
i,f114v,1
i,f115r,1
i,f115v,1
i,f116r,1
i,f116v,1
i,f11r,1
i,f11v,1
i,f13r,1
i,f13v,2
i,f14r,1
i,f14v,1
i,f15r,1
i,f15v,1
i,f16r,1
i,f16v,1
i,f17r,1
i,f17v,1
i,f18r,1
i,f18v,1
i,f19r,1
i,f19v,1
i,f1r,6
i,f1v,2
i,f20r,1
i,f20v,2
i,f21r,1
i,f21v,1
i,f22r,1
i,f22v,1
i,f23r,1
i,f23v,1
i,f24r,1
i,f24v,1
i,f25r,2
i,f25v,1
i,f26r,1
i,f26v,1
i,f27r,1
i,f27v,1
i,f28r,1
i,f28v,2
i,f29r,1
i,f29v,1
i,f2r,2
i,f2v,2
i,f30r,1
i,f30v,1
i,f31r,1
i,f31v,1
i,f32r,1
i,f32v,1
i,f33r,1
i,f33v,1
i,f34r,1
i,f34v,1
i,f35r,1
i,f35v,1
i,f36r,1
i,f36v,2
i,f37r,1
i,f37v,1
i,f38r,1
i,f38v,1
i,f39r,1
i,f39v,1
i,f3r,2
i,f3v,2
i,f40r,1
i,f40v,1
i,f41r,1
i,f41v,1
i,f42r,1
i,f42v,1
i,f43r,1
i,f43v,1
i,f44r,1
i,f44v,2
i,f45r,1
i,f45v,1
i,f46r,1
i,f46v,1
i,f47r,1
i,f47v,1
i,f48r,1
i,f48v,1
i,f49r,1
i,f49v,1
i,f4r,2
i,f4v,3
i,f50r,1
i,f50v,1
i,f51r,1
i,f51v,1
i,f52r,1
i,f52v,2
i,f53r,1
i,f53v,1
i,f54r,1
i,f54v,1
i,f55r,1
i,f55v,1
i,f56r,1
i,f56v,1
i,f57r,1
i,f57v,8
i,f58r,1
i,f58v,1
i,f5r,2
i,f5v,2
i,f65r,1
i,f65v,1
i,f66r,6
i,f66v,2
i,f67r,8
i,f67v,7
i,f68r,11
i,f68v,9
i,f69r,1
i,f69v,1
i,f6r,2
i,f6v,2
i,f70r,4
i,f70v,7
i,f71r,2
i,f71v,2
i,f72r,4
i,f72v,5
i,f73r,1
i,f73v,1
i,f75r,1
i,f75v,1
i,f76r,1
i,f76v,1
i,f77r,1
i,f77v,1
i,f78r,1
i,f78v,2
i,f79r,1
i,f79v,1
i,f7r,2
i,f7v,2
i,f80r,1
i,f80v,1
i,f81r,1
i,f81v,1
i,f82r,2
i,f82v,1
i,f83r,1
i,f83v,1
i,f84r,1
i,f84v,1
i,f85r,3
i,f86r,4
i,f86v,4
i,f87r,1
i,f87v,1
i,f88v,2
i,f89r,3
i,f89v,2
i,f8r,2
i,f8v,2
i,f90r,2
i,f90v,2
i,f93r,1
i,f93v,1
i,f94r,1
i,f94v,1
i,f95r,3
i,f95v,2
i,f96r,1
i,f96v,1
i,f99r,1
i,f99v,1
i,f9r,1
i,f9v,2
is,f101v,51
is,f102r,6
is,f102v,3
is,f103r,1
is,f105r,2
is,f107r,10
is,f108v,2
is,f10r,1
is,f116v,31
is,f11v,1
is,f16r,1
is,f16v,2
is,f17r,4
is,f18r,1
is,f19v,2
is,f1r,7
is,f1v,1
is,f24v,3
is,f2r,1
is,f2v,2
is,f32v,2
is,f34r,2
is,f39r,6
is,f3v,4
is,f40v,2
is,f48v,3
is,f49r,3
is,f49v,4
is,f4r,3
is,f4v,3
is,f56v,4
is,f57v,4
is,f58r,1
is,f58v,3
is,f5v,1
is,f65r,1
is,f66r,8
is,f66v,5
is,f67r,32
is,f67v,20
is,f68r,20
is,f68v,27
is,f69r,16
is,f69v,2
is,f6r,1
is,f6v,1
is,f70r,13
is,f70v,62
is,f71r,5
is,f71v,11
is,f72r,28
is,f72v,34
is,f73r,5
is,f73v,8
is,f75v,8
is,f76r,3
is,f7r,3
is,f82r,8
is,f84r,2
is,f84v,2
is,f85r,31
is,f86r,87
is,f86v,44
is,f88v,1
is,f89r,8
is,f89v,11
is,f8r,4
is,f8v,2
is,f90r,2
is,f90v,4
is,f95r,6
is,f95v,2
is,f96r,2
is,f96v,2
is,f99r,3
is,f9r,1
is,f9v,4
it,f101v,20
it,f102r,1
it,f107r,3
it,f116v,11
it,f1r,3
it,f2v,4
it,f39r,2
it,f40v,1
it,f48v,1
it,f49r,1
it,f49v,1
it,f4r,1
it,f4v,1
it,f57v,1
it,f66r,1
it,f66v,3
it,f67r,4
it,f67v,11
it,f68r,3
it,f68v,8
it,f69r,1
it,f6r,1
it,f70r,2
it,f70v,24
it,f71r,1
it,f71v,1
it,f72r,1
it,f72v,1
it,f75v,1
it,f79v,1
it,f80r,1
it,f82r,1
it,f84r,1
it,f85r,6
it,f86r,22
it,f86v,8
it,f89r,3
it,f89v,4
it,f8r,1
it,f99r,1
it,f9v,1
js,f75r,1
js,f75v,7
js,f76r,6
js,f76v,1
js,f77r,1
js,f77v,3
js,f78r,2
js,f78v,1
js,f79r,1
js,f79v,1
js,f80r,1
js,f80v,1
js,f81r,1
js,f81v,1
js,f82r,2
js,f82v,1
js,f83r,2
js,f83v,3
js,f84r,1
js,f84v,2
js,f93r,1
k,f100r,35
k,f100v,26
k,f101v,83
k,f103r,1
k,f104r,1
k,f106v,4
k,f107v,1
k,f111r,1
k,f113r,1
k,f116r,3
k,f11r,1
k,f13r,2
k,f14v,1
k,f15v,1
k,f1r,14
k,f21v,1
k,f23r,1
k,f29v,1
k,f2v,1
k,f37v,2
k,f39r,1
k,f42r,1
k,f45v,1
k,f48r,1
k,f49v,8
k,f50v,2
k,f53v,1
k,f54r,1
k,f57v,23
k,f58v,2
k,f5v,5
k,f66r,1
k,f68v,3
k,f70r,1
k,f70v,90
k,f71r,32
k,f71v,32
k,f72r,98
k,f72v,6
k,f75r,7
k,f75v,4
k,f76r,7
k,f78r,3
k,f78v,3
k,f79v,4
k,f81v,1
k,f83r,1
k,f86r,2
k,f88v,26
k,f89r,67
k,f95v,3
labels,f100r,5
labels,f101v,6
labels,f102r,2
labels,f102v,7
labels,f107r,3
labels,f57v,2
labels,f65r,1
labels,f67r,10
labels,f67v,7
labels,f68r,3
labels,f68v,3
labels,f69r,1
labels,f69v,1
labels,f70r,5
labels,f70v,5
labels,f71r,2
labels,f71v,1
labels,f72r,8
labels,f72v,6
labels,f73r,3
labels,f73v,3
labels,f75r,1
labels,f75v,7
labels,f76r,5
labels,f77r,1
labels,f77v,2
labels,f78r,1
labels,f80r,1
labels,f81v,1
labels,f82r,4
labels,f82v,3
labels,f83r,3
labels,f83v,2
labels,f84r,2
labels,f84v,2
labels,f85r,1
labels,f86r,23
labels,f88v,5
labels,f89r,9
labels,f89v,10
labels,f99r,9
labels,f99v,6
language,f100r,1
language,f100v,1
language,f101r,1
language,f101v,2
language,f102r,2
language,f102v,2
language,f103r,1
language,f103v,1
language,f104r,1
language,f104v,1
language,f105r,1
language,f105v,1
language,f106r,1
language,f106v,1
language,f107r,1
language,f107v,1
language,f108r,1
language,f108v,1
language,f10r,1
language,f10v,1
language,f111r,1
language,f111v,1
language,f112r,1
language,f112v,1
language,f113r,1
language,f113v,1
language,f114r,1
language,f114v,1
language,f115r,1
language,f115v,1
language,f116r,1
language,f116v,1
language,f11r,1
language,f11v,1
language,f13r,1
language,f13v,1
language,f14r,1
language,f14v,1
language,f15r,1
language,f15v,1
language,f16r,1
language,f16v,1
language,f17r,1
language,f17v,1
language,f18r,1
language,f18v,1
language,f19r,1
language,f19v,1
language,f1r,1
language,f1v,1
language,f20r,1
language,f20v,1
language,f21r,1
language,f21v,1
language,f22r,1
language,f22v,1
language,f23r,1
language,f23v,1
language,f24r,1
language,f24v,1
language,f25r,1
language,f25v,1
language,f26r,1
language,f26v,1
language,f27r,1
language,f27v,1
language,f28r,1
language,f28v,1
language,f29r,1
language,f29v,1
language,f2r,1
language,f2v,1
language,f30r,1
language,f30v,1
language,f31r,1
language,f31v,1
language,f32r,1
language,f32v,1
language,f33r,1
language,f33v,1
language,f34r,1
language,f34v,1
language,f35r,1
language,f35v,1
language,f36r,1
language,f36v,1
language,f37r,1
language,f37v,1
language,f38r,1
language,f38v,1
language,f39r,1
language,f39v,1
language,f3r,1
language,f3v,1
language,f40r,1
language,f40v,1
language,f41r,1
language,f41v,1
language,f42r,1
language,f42v,1
language,f43r,1
language,f43v,1
language,f44r,1
language,f44v,1
language,f45r,1
language,f45v,1
language,f46r,1
language,f46v,1
language,f47r,1
language,f47v,1
language,f48r,1
language,f48v,1
language,f49r,1
language,f49v,1
language,f4r,1
language,f4v,1
language,f50r,1
language,f50v,1
language,f51r,1
language,f51v,1
language,f52r,1
language,f52v,1
language,f53r,1
language,f53v,1
language,f54r,1
language,f54v,1
language,f55r,1
language,f55v,1
language,f56r,1
language,f56v,1
language,f57r,1
language,f57v,1
language,f58r,1
language,f58v,1
language,f5r,1
language,f5v,1
language,f65r,1
language,f65v,1
language,f66r,1
language,f66v,1
language,f67r,2
language,f67v,2
language,f68r,3
language,f68v,3
language,f69r,1
language,f69v,1
language,f6r,1
language,f6v,1
language,f70r,2
language,f70v,2
language,f71r,1
language,f71v,1
language,f72r,3
language,f72v,3
language,f73r,1
language,f73v,1
language,f75r,1
language,f75v,1
language,f76r,1
language,f76v,1
language,f77r,1
language,f77v,1
language,f78r,1
language,f78v,1
language,f79r,1
language,f79v,1
language,f7r,1
language,f7v,1
language,f80r,1
language,f80v,1
language,f81r,1
language,f81v,1
language,f82r,1
language,f82v,1
language,f83r,1
language,f83v,1
language,f84r,1
language,f84v,2
language,f85r,2
language,f86v,4
language,f87r,1
language,f87v,1
language,f88v,1
language,f89r,2
language,f89v,2
language,f8r,1
language,f8v,1
language,f90r,2
language,f90v,2
language,f93r,1
language,f93v,1
language,f94r,1
language,f94v,1
language,f95r,2
language,f95v,2
language,f96r,1
language,f96v,1
language,f99r,1
language,f99v,1
language,f9r,1
language,f9v,1
last,f100r,6
last,f100v,5
last,f101r,2
last,f101v,17
last,f102r,6
last,f102v,13
last,f103r,2
last,f103v,2
last,f104r,2
last,f104v,2
last,f105r,5
last,f105v,2
last,f106r,2
last,f106v,2
last,f107r,3
last,f107v,2
last,f108r,2
last,f108v,3
last,f10r,3
last,f10v,2
last,f111r,2
last,f111v,2
last,f112r,2
last,f112v,2
last,f113r,2
last,f113v,2
last,f114r,4
last,f114v,2
last,f115r,2
last,f115v,2
last,f116r,4
last,f116v,3
last,f11r,2
last,f11v,2
last,f13r,2
last,f13v,2
last,f14r,2
last,f14v,2
last,f15r,2
last,f15v,2
last,f16r,4
last,f16v,3
last,f17r,4
last,f17v,2
last,f18r,2
last,f18v,2
last,f19r,2
last,f19v,3
last,f1r,10
last,f1v,2
last,f20r,2
last,f20v,2
last,f21r,2
last,f21v,2
last,f22r,2
last,f22v,3
last,f23r,2
last,f23v,2
last,f24r,3
last,f24v,3
last,f25r,3
last,f25v,2
last,f26r,2
last,f26v,2
last,f27r,4
last,f27v,2
last,f28r,2
last,f28v,4
last,f29r,2
last,f29v,2
last,f2r,3
last,f2v,2
last,f30r,2
last,f30v,2
last,f31r,3
last,f31v,2
last,f32r,2
last,f32v,2
last,f33r,2
last,f33v,2
last,f34r,2
last,f34v,2
last,f35r,2
last,f35v,2
last,f36r,2
last,f36v,2
last,f37r,2
last,f37v,2
last,f38r,2
last,f38v,2
last,f39r,4
last,f39v,2
last,f3r,3
last,f3v,2
last,f40r,2
last,f40v,4
last,f41r,2
last,f41v,3
last,f42r,7
last,f42v,3
last,f43r,2
last,f43v,2
last,f44r,2
last,f44v,2
last,f45r,2
last,f45v,2
last,f46r,2
last,f46v,2
last,f47r,2
last,f47v,1
last,f48r,2
last,f48v,2
last,f49r,2
last,f49v,3
last,f4r,2
last,f4v,2
last,f50r,2
last,f50v,2
last,f51r,2
last,f51v,2
last,f52r,2
last,f52v,2
last,f53r,2
last,f53v,2
last,f54r,2
last,f54v,2
last,f55r,2
last,f55v,2
last,f56r,2
last,f56v,2
last,f57r,2
last,f57v,8
last,f58r,3
last,f58v,6
last,f5r,2
last,f5v,2
last,f65r,2
last,f65v,2
last,f66r,5
last,f66v,4
last,f67r,11
last,f67v,10
last,f68r,15
last,f68v,16
last,f69r,6
last,f69v,3
last,f6r,2
last,f6v,2
last,f70r,9
last,f70v,13
last,f71r,6
last,f71v,6
last,f72r,21
last,f72v,18
last,f73r,7
last,f73v,7
last,f75r,3
last,f75v,8
last,f76r,3
last,f76v,2
last,f77r,4
last,f77v,4
last,f78r,3
last,f78v,2
last,f79r,2
last,f79v,2
last,f7r,2
last,f7v,3
last,f80r,3
last,f80v,2
last,f81r,2
last,f81v,3
last,f82r,5
last,f82v,5
last,f83r,5
last,f83v,5
last,f84r,4
last,f84v,5
last,f85r,8
last,f86r,21
last,f86v,18
last,f87r,2
last,f87v,2
last,f88v,6
last,f89r,14
last,f89v,10
last,f8r,7
last,f8v,3
last,f90r,4
last,f90v,4
last,f93r,2
last,f93v,2
last,f94r,3
last,f94v,2
last,f95r,4
last,f95v,4
last,f96r,2
last,f96v,2
last,f99r,9
last,f99v,8
last,f9r,3
last,f9v,2
lc,f102v,4
lc,f88v,3
lc,f89r,20
lc,f89v,6
leaf,f100r,4
leaf,f100v,1
leaf,f101v,19
leaf,f102v,28
leaf,f2r,1
leaf,f2v,5
leaf,f39r,3
leaf,f3r,4
leaf,f3v,2
leaf,f66v,3
leaf,f86v,1
leaf,f89r,8
leaf,f89v,4
leaf,f8r,2
leaf,f95r,3
leaf,f96r,2
leaf,f99r,2
leaf,f99v,2
leaves,f100r,14
leaves,f100v,13
leaves,f101v,62
leaves,f102r,5
leaves,f102v,13
leaves,f11r,2
leaves,f1v,2
leaves,f2r,3
leaves,f2v,1
leaves,f39r,2
leaves,f3r,2
leaves,f3v,1
leaves,f49r,1
leaves,f4r,1
leaves,f4v,2
leaves,f5r,4
leaves,f5v,2
leaves,f66v,1
leaves,f69r,1
leaves,f7r,3
leaves,f86r,1
leaves,f86v,3
leaves,f88v,7
leaves,f89r,9
leaves,f89v,7
leaves,f95r,3
leaves,f96r,1
leaves,f99r,1
leaves,f9r,1
leaves,f9v,4
lf,f100r,29
lf,f100v,27
lf,f101v,43
lf,f102v,30
lf,f88v,13
lf,f89r,64
lf,f89v,30
lf,f99r,6
lf,f99v,9
light,f100r,2
light,f100v,11
light,f101v,12
light,f102r,1
light,f102v,8
light,f1v,3
light,f2r,1
light,f2v,2
light,f39r,1
light,f3r,3
light,f3v,3
light,f5r,1
light,f5v,4
light,f67r,8
light,f67v,1
light,f68v,2
light,f70r,1
light,f70v,4
light,f71r,5
light,f71v,2
light,f72r,1
light,f85r,1
light,f86r,2
light,f86v,2
light,f88v,5
light,f89r,16
light,f89v,8
light,f95r,1
light,f96r,1
light,f99r,12
light,f99v,9
light,f9v,2
middle,f100r,1
middle,f101v,3
middle,f102r,3
middle,f2r,1
middle,f2v,1
middle,f57v,1
middle,f66r,2
middle,f66v,1
middle,f67r,1
middle,f68r,3
middle,f69r,1
middle,f69v,1
middle,f70v,9
middle,f71r,3
middle,f71v,3
middle,f72r,18
middle,f72v,7
middle,f73r,1
middle,f73v,2
middle,f77r,1
middle,f82r,2
middle,f82v,2
middle,f83v,1
middle,f84r,1
middle,f84v,1
middle,f85r,1
middle,f86r,6
middle,f86v,1
middle,f89v,2
middle,f95r,1
not,f100r,1
not,f101v,8
not,f102r,2
not,f102v,1
not,f107r,2
not,f116v,11
not,f16v,1
not,f17r,3
not,f1r,4
not,f2r,1
not,f2v,1
not,f39r,1
not,f3v,1
not,f49r,3
not,f54v,1
not,f57v,3
not,f58r,1
not,f5r,1
not,f5v,1
not,f66v,1
not,f67r,1
not,f67v,4
not,f68v,3
not,f69r,1
not,f69v,1
not,f6r,1
not,f70r,1
not,f70v,12
not,f71v,1
not,f72r,1
not,f72v,3
not,f73v,2
not,f75v,4
not,f7r,1
not,f85r,2
not,f86r,9
not,f86v,1
not,f89r,3
not,f89v,1
not,f99r,2
not,f99v,1
oai,f103r,1
oai,f107v,2
oai,f111v,3
oai,f112r,2
oai,f112v,3
oai,f116r,1
oai,f13v,1
oai,f44v,3
oai,f45v,1
of,f100r,13
of,f100v,9
of,f101v,565
of,f102r,23
of,f102v,25
of,f105r,2
of,f107r,28
of,f10r,1
of,f10v,1
of,f112v,1
of,f116r,1
of,f116v,30
of,f11r,2
of,f16r,2
of,f16v,1
of,f17r,10
of,f18r,1
of,f1r,10
of,f1v,2
of,f23r,1
of,f23v,2
of,f27r,1
of,f2r,6
of,f2v,5
of,f34r,2
of,f39r,10
of,f3r,4
of,f3v,6
of,f42v,1
of,f46v,1
of,f48v,1
of,f49r,7
of,f49v,15
of,f4r,2
of,f4v,4
of,f57v,12
of,f58r,1
of,f58v,2
of,f5r,6
of,f5v,2
of,f65r,3
of,f65v,1
of,f66r,8
of,f66v,7
of,f67r,31
of,f67v,20
of,f68r,25
of,f68v,40
of,f69r,24
of,f69v,3
of,f6r,2
of,f6v,3
of,f70r,24
of,f70v,72
of,f71r,8
of,f71v,10
of,f72r,37
of,f72v,41
of,f73r,10
of,f73v,10
of,f75r,1
of,f75v,25
of,f76r,5
of,f76v,1
of,f77r,2
of,f77v,4
of,f78r,2
of,f78v,1
of,f79r,1
of,f79v,1
of,f7r,6
of,f7v,2
of,f80r,1
of,f80v,1
of,f81r,2
of,f81v,1
of,f82r,13
of,f82v,10
of,f83r,3
of,f83v,7
of,f84r,4
of,f84v,10
of,f85r,35
of,f86r,129
of,f86v,66
of,f88v,3
of,f89r,28
of,f89v,32
of,f8r,2
of,f90r,2
of,f90v,2
of,f93r,1
of,f95r,9
of,f95v,2
of,f96r,2
of,f99r,4
of,f99v,1
of,f9r,3
of,f9v,4
oj,f58v,1
oj,f89r,1
oj,f90r,1
one,f100r,4
one,f101r,1
one,f101v,34
one,f102r,1
one,f102v,1
one,f107r,1
one,f10r,1
one,f10v,1
one,f116v,4
one,f11v,2
one,f16r,1
one,f16v,1
one,f17r,3
one,f18r,1
one,f19v,2
one,f1r,1
one,f1v,3
one,f2r,3
one,f2v,4
one,f34r,1
one,f39r,3
one,f3r,4
one,f3v,1
one,f49r,1
one,f49v,1
one,f4r,1
one,f4v,1
one,f57v,3
one,f58r,1
one,f5r,2
one,f5v,2
one,f65r,1
one,f65v,1
one,f66v,2
one,f67r,3
one,f67v,5
one,f68r,2
one,f68v,5
one,f69r,4
one,f69v,1
one,f6r,2
one,f6v,1
one,f70r,5
one,f70v,13
one,f71r,1
one,f71v,2
one,f72r,10
one,f72v,7
one,f73r,2
one,f73v,2
one,f75v,1
one,f76r,1
one,f7r,3
one,f7v,1
one,f80r,2
one,f80v,1
one,f82r,2
one,f85r,1
one,f86r,21
one,f86v,3
one,f89v,1
one,f8r,1
one,f8v,4
one,f90r,2
one,f95r,2
one,f96r,1
one,f99r,2
one,f99v,1
one,f9r,1
one,f9v,6
p,f100r,47
p,f100v,24
p,f101r,28
p,f101v,59
p,f102r,93
p,f102v,102
p,f103r,124
p,f103v,107
p,f104r,100
p,f104v,90
p,f105r,73
p,f105v,116
p,f106r,146
p,f106v,197
p,f107r,158
p,f107v,149
p,f108r,152
p,f108v,159
p,f10r,38
p,f10v,30
p,f111r,164
p,f111v,206
p,f112r,175
p,f112v,190
p,f113r,185
p,f113v,149
p,f114r,128
p,f114v,88
p,f115r,94
p,f115v,92
p,f116r,105
p,f116v,7
p,f11r,23
p,f11v,26
p,f13r,32
p,f13v,32
p,f14r,41
p,f14v,38
p,f15r,62
p,f15v,50
p,f16r,38
p,f16v,41
p,f17r,50
p,f17v,72
p,f18r,41
p,f18v,42
p,f19r,41
p,f19v,54
p,f1r,131
p,f1v,34
p,f20r,41
p,f20v,46
p,f21r,40
p,f21v,34
p,f22r,41
p,f22v,62
p,f23r,35
p,f23v,51
p,f24r,60
p,f24v,67
p,f25r,20
p,f25v,23
p,f26r,32
p,f26v,38
p,f27r,50
p,f27v,34
p,f28r,29
p,f28v,34
p,f29r,38
p,f29v,50
p,f2r,41
p,f2v,37
p,f30r,41
p,f30v,35
p,f31r,47
p,f31v,34
p,f32r,60
p,f32v,46
p,f33r,23
p,f33v,47
p,f34r,48
p,f34v,46
p,f35r,47
p,f35v,65
p,f36r,29
p,f36v,44
p,f37r,46
p,f37v,69
p,f38r,20
p,f38v,26
p,f39r,62
p,f39v,58
p,f3r,63
p,f3v,63
p,f40r,36
p,f40v,56
p,f41r,46
p,f41v,32
p,f42r,72
p,f42v,53
p,f43r,66
p,f43v,77
p,f44r,42
p,f44v,46
p,f45r,39
p,f45v,41
p,f46r,59
p,f46v,58
p,f47r,44
p,f47v,49
p,f48r,31
p,f48v,47
p,f49r,71
p,f49v,126
p,f4r,46
p,f4v,59
p,f50r,48
p,f50v,42
p,f51r,51
p,f51v,47
p,f52r,33
p,f52v,47
p,f53r,34
p,f53v,42
p,f54r,41
p,f54v,50
p,f55r,41
p,f55v,38
p,f56r,83
p,f56v,50
p,f57r,35
p,f57v,8
p,f58r,84
p,f58v,79
p,f5r,23
p,f5v,26
p,f65r,2
p,f65v,20
p,f66r,99
p,f66v,28
p,f67r,41
p,f67v,6
p,f68r,45
p,f68v,42
p,f69r,17
p,f69v,2
p,f6r,44
p,f6v,94
p,f70r,67
p,f70v,5
p,f71r,2
p,f71v,2
p,f72r,6
p,f72v,6
p,f73r,2
p,f73v,2
p,f75r,214
p,f75v,192
p,f76r,204
p,f76v,178
p,f77r,170
p,f77v,151
p,f78r,171
p,f78v,136
p,f79r,207
p,f79v,197
p,f7r,32
p,f7v,38
p,f80r,187
p,f80v,210
p,f81r,147
p,f81v,118
p,f82r,140
p,f82v,151
p,f83r,189
p,f83v,134
p,f84r,158
p,f84v,172
p,f85r,70
p,f86r,3
p,f86v,225
p,f87r,34
p,f87v,54
p,f88v,55
p,f89r,123
p,f89v,107
p,f8r,56
p,f8v,71
p,f90r,46
p,f90v,62
p,f93r,163
p,f93v,22
p,f94r,18
p,f94v,26
p,f95r,53
p,f95v,51
p,f96r,42
p,f96v,29
p,f99r,45
p,f99v,54
p,f9r,29
p,f9v,50
page,f100r,1
page,f100v,1
page,f101r,3
page,f101v,21
page,f102r,4
page,f102v,6
page,f103r,1
page,f103v,1
page,f104r,1
page,f104v,1
page,f105r,1
page,f105v,1
page,f106r,1
page,f106v,1
page,f107r,2
page,f107v,1
page,f108r,1
page,f108v,1
page,f10r,1
page,f10v,1
page,f111r,1
page,f111v,1
page,f112r,1
page,f112v,1
page,f113r,1
page,f113v,1
page,f114r,1
page,f114v,1
page,f115r,1
page,f115v,1
page,f116r,2
page,f116v,3
page,f11r,2
page,f11v,2
page,f13r,1
page,f13v,1
page,f14r,1
page,f14v,1
page,f15r,1
page,f15v,1
page,f16r,1
page,f16v,3
page,f17r,5
page,f17v,1
page,f18r,1
page,f18v,1
page,f19r,1
page,f19v,1
page,f1r,12
page,f1v,3
page,f20r,1
page,f20v,1
page,f21r,1
page,f21v,1
page,f22r,1
page,f22v,1
page,f23r,1
page,f23v,1
page,f24r,1
page,f24v,2
page,f25r,1
page,f25v,1
page,f26r,1
page,f26v,1
page,f27r,1
page,f27v,1
page,f28r,1
page,f28v,1
page,f29r,1
page,f29v,1
page,f2r,2
page,f2v,3
page,f30r,1
page,f30v,1
page,f31r,1
page,f31v,1
page,f32r,1
page,f32v,1
page,f33r,1
page,f33v,1
page,f34r,1
page,f34v,1
page,f35r,1
page,f35v,1
page,f36r,1
page,f36v,1
page,f37r,1
page,f37v,1
page,f38r,1
page,f38v,1
page,f39r,4
page,f39v,1
page,f3r,2
page,f3v,3
page,f40r,1
page,f40v,2
page,f41r,1
page,f41v,1
page,f42r,1
page,f42v,1
page,f43r,1
page,f43v,1
page,f44r,1
page,f44v,1
page,f45r,1
page,f45v,1
page,f46r,1
page,f46v,1
page,f47r,1
page,f47v,1
page,f48r,1
page,f48v,1
page,f49r,3
page,f49v,3
page,f4r,3
page,f4v,4
page,f50r,1
page,f50v,1
page,f51r,1
page,f51v,1
page,f52r,1
page,f52v,1
page,f53r,1
page,f53v,1
page,f54r,1
page,f54v,1
page,f55r,1
page,f55v,1
page,f56r,1
page,f56v,1
page,f57r,1
page,f57v,1
page,f58r,2
page,f58v,1
page,f5r,2
page,f5v,2
page,f65r,2
page,f65v,3
page,f66r,3
page,f66v,4
page,f67r,12
page,f67v,7
page,f68r,9
page,f68v,9
page,f69r,2
page,f69v,2
page,f6r,2
page,f6v,3
page,f70r,5
page,f70v,7
page,f71r,1
page,f71v,3
page,f72r,9
page,f72v,8
page,f73r,1
page,f73v,1
page,f75r,1
page,f75v,3
page,f76r,2
page,f76v,1
page,f77r,2
page,f77v,1
page,f78r,1
page,f78v,1
page,f79r,1
page,f79v,1
page,f7r,3
page,f7v,1
page,f80r,1
page,f80v,1
page,f81r,1
page,f81v,1
page,f82r,5
page,f82v,7
page,f83r,1
page,f83v,1
page,f84r,1
page,f84v,1
page,f85r,4
page,f86r,1
page,f86v,21
page,f87r,1
page,f87v,1
page,f88v,1
page,f89r,5
page,f89v,10
page,f8r,3
page,f8v,2
page,f90r,4
page,f90v,3
page,f93r,1
page,f93v,1
page,f94r,1
page,f94v,1
page,f95r,4
page,f95v,4
page,f96r,1
page,f96v,1
page,f99r,1
page,f99v,1
page,f9r,3
page,f9v,3
paragraph,f100r,2
paragraph,f101v,7
paragraph,f10r,2
paragraph,f116r,1
paragraph,f116v,1
paragraph,f11v,1
paragraph,f16r,2
paragraph,f17r,3
paragraph,f1r,1
paragraph,f27r,1
paragraph,f34r,1
paragraph,f39r,2
paragraph,f46v,1
paragraph,f49v,1
paragraph,f58r,2
paragraph,f58v,2
paragraph,f5v,1
paragraph,f66r,1
paragraph,f67r,5
paragraph,f68r,3
paragraph,f68v,2
paragraph,f69r,2
paragraph,f6r,1
paragraph,f70r,3
paragraph,f75v,4
paragraph,f7v,1
paragraph,f82r,3
paragraph,f84v,3
paragraph,f85r,1
paragraph,f86r,1
paragraph,f86v,2
paragraph,f89r,2
paragraph,f89v,6
paragraph,f8r,1
paragraph,f9r,2
paragraphs,f101v,5
paragraphs,f102r,3
paragraphs,f105r,1
paragraphs,f10r,1
paragraphs,f10v,1
paragraphs,f111v,1
paragraphs,f112r,1
paragraphs,f112v,1
paragraphs,f113r,1
paragraphs,f113v,1
paragraphs,f114r,1
paragraphs,f116r,1
paragraphs,f11r,1
paragraphs,f16r,1
paragraphs,f16v,1
paragraphs,f17r,2
paragraphs,f18r,1
paragraphs,f19v,1
paragraphs,f1r,2
paragraphs,f1v,1
paragraphs,f2r,1
paragraphs,f2v,1
paragraphs,f34r,1
paragraphs,f39r,3
paragraphs,f3r,1
paragraphs,f3v,1
paragraphs,f49r,1
paragraphs,f49v,1
paragraphs,f4r,1
paragraphs,f4v,1
paragraphs,f58r,1
paragraphs,f58v,1
paragraphs,f5r,1
paragraphs,f65v,1
paragraphs,f66r,1
paragraphs,f66v,1
paragraphs,f6v,1
paragraphs,f76r,2
paragraphs,f7r,1
paragraphs,f7v,1
paragraphs,f82r,1
paragraphs,f85r,1
paragraphs,f86r,1
paragraphs,f86v,5
paragraphs,f88v,1
paragraphs,f89r,1
paragraphs,f89v,1
paragraphs,f8r,1
paragraphs,f8v,1
paragraphs,f95r,1
paragraphs,f9r,1
paragraphs,f9v,1
pha,f100r,1
pha,f100v,1
pha,f101r,1
pha,f101v,1
pha,f102r,2
pha,f102v,2
pha,f88v,1
pha,f89r,2
pha,f89v,2
pha,f99r,1
pha,f99v,1
plant,f100r,33
plant,f100v,16
plant,f101v,82
plant,f102r,25
plant,f102v,40
plant,f10r,32
plant,f10v,2
plant,f11r,1
plant,f11v,27
plant,f13r,9
plant,f13v,34
plant,f14r,37
plant,f14v,12
plant,f15r,112
plant,f15v,45
plant,f16r,33
plant,f16v,39
plant,f17r,34
plant,f17v,58
plant,f18r,37
plant,f18v,5
plant,f19r,19
plant,f19v,49
plant,f1v,36
plant,f20r,1
plant,f20v,21
plant,f21r,1
plant,f21v,12
plant,f22r,21
plant,f22v,68
plant,f23r,16
plant,f23v,40
plant,f24r,58
plant,f24v,53
plant,f25r,1
plant,f25v,7
plant,f26r,58
plant,f26v,5
plant,f27r,61
plant,f27v,31
plant,f28r,25
plant,f28v,24
plant,f29r,24
plant,f29v,100
plant,f2r,74
plant,f2v,35
plant,f30r,37
plant,f30v,22
plant,f31r,30
plant,f32r,52
plant,f32v,51
plant,f33r,3
plant,f33v,93
plant,f34r,78
plant,f34v,1
plant,f35r,43
plant,f35v,55
plant,f36r,33
plant,f36v,36
plant,f37r,29
plant,f37v,53
plant,f38r,19
plant,f38v,21
plant,f39r,24
plant,f39v,28
plant,f3r,49
plant,f3v,60
plant,f40r,34
plant,f40v,55
plant,f41r,48
plant,f41v,30
plant,f42r,75
plant,f42v,60
plant,f43v,10
plant,f44r,34
plant,f44v,13
plant,f45v,50
plant,f46v,6
plant,f47r,29
plant,f47v,50
plant,f48r,5
plant,f48v,61
plant,f49r,45
plant,f49v,103
plant,f4r,51
plant,f4v,57
plant,f50r,9
plant,f50v,8
plant,f51r,55
plant,f51v,42
plant,f52r,27
plant,f52v,38
plant,f53r,33
plant,f53v,38
plant,f54r,49
plant,f54v,48
plant,f55r,1
plant,f55v,36
plant,f56r,70
plant,f56v,39
plant,f57r,15
plant,f5r,5
plant,f5v,4
plant,f65r,3
plant,f65v,20
plant,f66v,8
plant,f67v,8
plant,f6r,54
plant,f6v,66
plant,f7r,37
plant,f7v,16
plant,f87r,28
plant,f87v,69
plant,f88v,22
plant,f89r,80
plant,f89v,62
plant,f8r,58
plant,f8v,79
plant,f90r,52
plant,f90v,76
plant,f93r,134
plant,f93v,36
plant,f94r,5
plant,f94v,20
plant,f95v,15
plant,f96r,64
plant,f96v,26
plant,f99r,26
plant,f99v,54
plant,f9r,37
plant,f9v,86
plants,f100r,8
plants,f100v,3
plants,f101v,25
plants,f102r,6
plants,f102v,4
plants,f11r,4
plants,f86r,1
plants,f88v,3
plants,f89r,6
plants,f89v,8
plants,f99r,2
plants,f99v,1
post,f107r,1
q,f100r,1
q,f100v,1
q,f101r,1
q,f101v,7
q,f102r,2
q,f102v,2
q,f103r,2
q,f103v,1
q,f104r,1
q,f104v,1
q,f105r,1
q,f105v,1
q,f106r,1
q,f106v,1
q,f107r,1
q,f107v,1
q,f108r,1
q,f108v,1
q,f10r,1
q,f10v,1
q,f111r,1
q,f111v,1
q,f112r,1
q,f112v,2
q,f113r,1
q,f113v,1
q,f114r,2
q,f114v,1
q,f115r,2
q,f115v,1
q,f116r,2
q,f11r,1
q,f11v,1
q,f13r,1
q,f13v,1
q,f14r,1
q,f14v,1
q,f15r,1
q,f15v,1
q,f16r,1
q,f16v,1
q,f17r,1
q,f17v,1
q,f18r,1
q,f18v,1
q,f19r,2
q,f19v,1
q,f1r,5
q,f1v,1
q,f20r,1
q,f20v,1
q,f21r,1
q,f21v,1
q,f22r,1
q,f22v,2
q,f23r,2
q,f23v,1
q,f24r,4
q,f24v,1
q,f25r,1
q,f25v,1
q,f26r,1
q,f26v,1
q,f27r,1
q,f27v,1
q,f28r,1
q,f28v,1
q,f29r,1
q,f29v,1
q,f2r,1
q,f2v,1
q,f30r,1
q,f30v,1
q,f31r,1
q,f31v,1
q,f32r,1
q,f32v,1
q,f33r,1
q,f33v,1
q,f34r,1
q,f34v,1
q,f35r,1
q,f35v,1
q,f36r,1
q,f36v,1
q,f37r,1
q,f37v,1
q,f38r,1
q,f38v,1
q,f39r,1
q,f39v,1
q,f3r,1
q,f3v,1
q,f40r,1
q,f40v,1
q,f41r,1
q,f41v,1
q,f42r,1
q,f42v,1
q,f43r,1
q,f43v,1
q,f44r,1
q,f44v,2
q,f45r,1
q,f45v,1
q,f46r,1
q,f46v,1
q,f47r,1
q,f47v,1
q,f48r,1
q,f48v,1
q,f49r,10
q,f49v,2
q,f4r,1
q,f4v,1
q,f50r,1
q,f50v,1
q,f51r,1
q,f51v,1
q,f52r,1
q,f52v,1
q,f53r,1
q,f53v,1
q,f54r,2
q,f54v,1
q,f55r,1
q,f55v,1
q,f56r,1
q,f56v,1
q,f57r,1
q,f57v,1
q,f58r,1
q,f58v,1
q,f5r,1
q,f5v,1
q,f65r,1
q,f65v,1
q,f66r,1
q,f66v,1
q,f67r,7
q,f67v,2
q,f68r,4
q,f68v,3
q,f69r,1
q,f69v,1
q,f6r,1
q,f6v,1
q,f70r,3
q,f70v,2
q,f71r,2
q,f71v,1
q,f72r,7
q,f72v,3
q,f73r,1
q,f73v,1
q,f75r,2
q,f75v,1
q,f76r,5
q,f76v,2
q,f77r,1
q,f77v,2
q,f78r,1
q,f78v,1
q,f79r,1
q,f79v,1
q,f7r,1
q,f7v,1
q,f80r,7
q,f80v,1
q,f81r,1
q,f81v,2
q,f82r,1
q,f82v,3
q,f83r,3
q,f83v,2
q,f84r,1
q,f84v,1
q,f85r,2
q,f86r,1
q,f86v,6
q,f87r,1
q,f87v,1
q,f88v,1
q,f89r,5
q,f89v,2
q,f8r,1
q,f8v,1
q,f90r,2
q,f90v,4
q,f93r,4
q,f93v,3
q,f94r,3
q,f94v,3
q,f95r,6
q,f95v,6
q,f96r,3
q,f96v,2
q,f99r,1
q,f99v,2
q,f9r,1
q,f9v,1
quire,f100r,1
quire,f100v,1
quire,f101r,1
quire,f101v,3
quire,f102r,2
quire,f102v,2
quire,f103r,1
quire,f103v,1
quire,f104r,1
quire,f104v,1
quire,f105r,1
quire,f105v,1
quire,f106r,1
quire,f106v,1
quire,f107r,1
quire,f107v,1
quire,f108r,1
quire,f108v,1
quire,f10r,1
quire,f10v,1
quire,f111r,1
quire,f111v,1
quire,f112r,1
quire,f112v,1
quire,f113r,1
quire,f113v,1
quire,f114r,1
quire,f114v,1
quire,f115r,1
quire,f115v,1
quire,f116r,1
quire,f116v,1
quire,f11r,1
quire,f11v,1
quire,f13r,1
quire,f13v,1
quire,f14r,1
quire,f14v,1
quire,f15r,1
quire,f15v,1
quire,f16r,1
quire,f16v,3
quire,f17r,2
quire,f17v,1
quire,f18r,1
quire,f18v,1
quire,f19r,1
quire,f19v,1
quire,f1r,1
quire,f1v,1
quire,f20r,1
quire,f20v,1
quire,f21r,1
quire,f21v,1
quire,f22r,1
quire,f22v,1
quire,f23r,1
quire,f23v,1
quire,f24r,1
quire,f24v,3
quire,f25r,1
quire,f25v,1
quire,f26r,1
quire,f26v,1
quire,f27r,1
quire,f27v,1
quire,f28r,1
quire,f28v,1
quire,f29r,1
quire,f29v,1
quire,f2r,1
quire,f2v,1
quire,f30r,1
quire,f30v,1
quire,f31r,1
quire,f31v,1
quire,f32r,1
quire,f32v,2
quire,f33r,1
quire,f33v,1
quire,f34r,1
quire,f34v,1
quire,f35r,1
quire,f35v,1
quire,f36r,1
quire,f36v,1
quire,f37r,1
quire,f37v,1
quire,f38r,1
quire,f38v,1
quire,f39r,1
quire,f39v,1
quire,f3r,1
quire,f3v,1
quire,f40r,1
quire,f40v,3
quire,f41r,1
quire,f41v,1
quire,f42r,1
quire,f42v,1
quire,f43r,1
quire,f43v,1
quire,f44r,1
quire,f44v,1
quire,f45r,1
quire,f45v,1
quire,f46r,1
quire,f46v,1
quire,f47r,1
quire,f47v,1
quire,f48r,1
quire,f48v,2
quire,f49r,1
quire,f49v,1
quire,f4r,1
quire,f4v,1
quire,f50r,1
quire,f50v,1
quire,f51r,1
quire,f51v,1
quire,f52r,1
quire,f52v,1
quire,f53r,1
quire,f53v,1
quire,f54r,1
quire,f54v,1
quire,f55r,1
quire,f55v,1
quire,f56r,1
quire,f56v,2
quire,f57r,1
quire,f57v,1
quire,f58r,1
quire,f58v,1
quire,f5r,1
quire,f5v,1
quire,f65r,1
quire,f65v,1
quire,f66r,1
quire,f66v,3
quire,f67r,4
quire,f67v,2
quire,f68r,3
quire,f68v,3
quire,f69r,1
quire,f69v,1
quire,f6r,1
quire,f6v,1
quire,f70r,2
quire,f70v,3
quire,f71r,1
quire,f71v,1
quire,f72r,3
quire,f72v,3
quire,f73r,1
quire,f73v,1
quire,f75r,1
quire,f75v,1
quire,f76r,1
quire,f76v,1
quire,f77r,1
quire,f77v,1
quire,f78r,1
quire,f78v,1
quire,f79r,1
quire,f79v,1
quire,f7r,1
quire,f7v,1
quire,f80r,1
quire,f80v,1
quire,f81r,1
quire,f81v,1
quire,f82r,1
quire,f82v,1
quire,f83r,1
quire,f83v,1
quire,f84r,1
quire,f84v,1
quire,f85r,3
quire,f86v,4
quire,f87r,1
quire,f87v,1
quire,f88v,1
quire,f89r,2
quire,f89v,2
quire,f8r,1
quire,f8v,3
quire,f90r,2
quire,f90v,2
quire,f93r,1
quire,f93v,1
quire,f94r,1
quire,f94v,1
quire,f95r,2
quire,f95v,2
quire,f96r,1
quire,f96v,1
quire,f99r,1
quire,f99v,1
quire,f9r,1
quire,f9v,1
reeds,f100r,1
reeds,f100v,1
reeds,f101r,1
reeds,f101v,3
reeds,f102r,2
reeds,f102v,2
reeds,f103r,1
reeds,f103v,1
reeds,f104r,1
reeds,f104v,1
reeds,f105r,1
reeds,f105v,1
reeds,f106r,1
reeds,f106v,1
reeds,f107r,1
reeds,f107v,1
reeds,f108r,1
reeds,f108v,1
reeds,f10r,1
reeds,f10v,1
reeds,f111r,1
reeds,f111v,1
reeds,f112r,1
reeds,f112v,1
reeds,f113r,1
reeds,f113v,1
reeds,f114r,1
reeds,f114v,1
reeds,f115r,1
reeds,f115v,1
reeds,f116r,1
reeds,f116v,3
reeds,f11r,1
reeds,f11v,1
reeds,f13r,1
reeds,f13v,1
reeds,f14r,1
reeds,f14v,1
reeds,f15r,1
reeds,f15v,1
reeds,f16r,1
reeds,f16v,1
reeds,f17r,1
reeds,f17v,1
reeds,f18r,1
reeds,f18v,1
reeds,f19r,1
reeds,f19v,1
reeds,f1r,4
reeds,f1v,1
reeds,f20r,1
reeds,f20v,1
reeds,f21r,1
reeds,f21v,1
reeds,f22r,1
reeds,f22v,1
reeds,f23r,1
reeds,f23v,1
reeds,f24r,1
reeds,f24v,1
reeds,f25r,1
reeds,f25v,1
reeds,f26r,1
reeds,f26v,1
reeds,f27r,1
reeds,f27v,1
reeds,f28r,1
reeds,f28v,1
reeds,f29r,1
reeds,f29v,1
reeds,f2r,1
reeds,f2v,1
reeds,f30r,1
reeds,f30v,1
reeds,f31r,1
reeds,f31v,1
reeds,f32r,1
reeds,f32v,1
reeds,f33r,1
reeds,f33v,1
reeds,f34r,1
reeds,f34v,1
reeds,f35r,1
reeds,f35v,1
reeds,f36r,1
reeds,f36v,1
reeds,f37r,1
reeds,f37v,1
reeds,f38r,1
reeds,f38v,1
reeds,f39r,1
reeds,f39v,1
reeds,f3r,1
reeds,f3v,1
reeds,f40r,1
reeds,f40v,1
reeds,f41r,1
reeds,f41v,1
reeds,f42r,1
reeds,f42v,1
reeds,f43r,1
reeds,f43v,1
reeds,f44r,1
reeds,f44v,1
reeds,f45r,1
reeds,f45v,1
reeds,f46r,1
reeds,f46v,1
reeds,f47r,1
reeds,f47v,1
reeds,f48r,1
reeds,f48v,1
reeds,f49r,1
reeds,f49v,2
reeds,f4r,1
reeds,f4v,1
reeds,f50r,1
reeds,f50v,1
reeds,f51r,1
reeds,f51v,1
reeds,f52r,1
reeds,f52v,1
reeds,f53r,1
reeds,f53v,1
reeds,f54r,1
reeds,f54v,1
reeds,f55r,1
reeds,f55v,1
reeds,f56r,1
reeds,f56v,1
reeds,f57r,1
reeds,f57v,1
reeds,f58r,1
reeds,f58v,1
reeds,f5r,1
reeds,f5v,1
reeds,f65r,1
reeds,f65v,2
reeds,f66r,1
reeds,f66v,1
reeds,f67r,2
reeds,f67v,2
reeds,f68r,3
reeds,f68v,4
reeds,f69r,1
reeds,f69v,1
reeds,f6r,1
reeds,f6v,1
reeds,f70r,3
reeds,f70v,2
reeds,f71r,1
reeds,f71v,1
reeds,f72r,3
reeds,f72v,3
reeds,f73r,1
reeds,f73v,1
reeds,f75r,1
reeds,f75v,1
reeds,f76r,1
reeds,f76v,1
reeds,f77r,1
reeds,f77v,1
reeds,f78r,1
reeds,f78v,1
reeds,f79r,1
reeds,f79v,1
reeds,f7r,1
reeds,f7v,1
reeds,f80r,1
reeds,f80v,1
reeds,f81r,1
reeds,f81v,1
reeds,f82r,1
reeds,f82v,1
reeds,f83r,1
reeds,f83v,1
reeds,f84r,1
reeds,f84v,2
reeds,f85r,2
reeds,f86v,4
reeds,f87r,1
reeds,f87v,1
reeds,f88v,1
reeds,f89r,2
reeds,f89v,2
reeds,f8r,1
reeds,f8v,1
reeds,f90r,2
reeds,f90v,2
reeds,f93r,1
reeds,f93v,1
reeds,f94r,1
reeds,f94v,1
reeds,f95r,2
reeds,f95v,2
reeds,f96r,1
reeds,f96v,1
reeds,f99r,1
reeds,f99v,1
reeds,f9r,1
reeds,f9v,2
rene,f100r,3
rene,f100v,3
rene,f101r,3
rene,f101v,6
rene,f102r,6
rene,f102v,6
rene,f103r,3
rene,f103v,3
rene,f104r,3
rene,f104v,3
rene,f105r,3
rene,f105v,3
rene,f106r,3
rene,f106v,3
rene,f107r,9
rene,f107v,3
rene,f108r,3
rene,f108v,3
rene,f10r,3
rene,f10v,3
rene,f111r,3
rene,f111v,3
rene,f112r,3
rene,f112v,3
rene,f113r,3
rene,f113v,3
rene,f114r,3
rene,f114v,3
rene,f115r,3
rene,f115v,3
rene,f116r,3
rene,f116v,15
rene,f11r,3
rene,f11v,3
rene,f13r,3
rene,f13v,3
rene,f14r,3
rene,f14v,3
rene,f15r,3
rene,f15v,3
rene,f16r,3
rene,f16v,3
rene,f17r,3
rene,f17v,3
rene,f18r,3
rene,f18v,3
rene,f19r,3
rene,f19v,3
rene,f1r,4
rene,f1v,3
rene,f20r,3
rene,f20v,3
rene,f21r,3
rene,f21v,3
rene,f22r,3
rene,f22v,3
rene,f23r,3
rene,f23v,3
rene,f24r,3
rene,f24v,3
rene,f25r,3
rene,f25v,3
rene,f26r,3
rene,f26v,3
rene,f27r,3
rene,f27v,3
rene,f28r,3
rene,f28v,3
rene,f29r,3
rene,f29v,3
rene,f2r,3
rene,f2v,4
rene,f30r,3
rene,f30v,3
rene,f31r,3
rene,f31v,3
rene,f32r,3
rene,f32v,3
rene,f33r,3
rene,f33v,3
rene,f34r,3
rene,f34v,3
rene,f35r,3
rene,f35v,3
rene,f36r,3
rene,f36v,3
rene,f37r,3
rene,f37v,3
rene,f38r,3
rene,f38v,3
rene,f39r,3
rene,f39v,3
rene,f3r,3
rene,f3v,3
rene,f40r,3
rene,f40v,3
rene,f41r,3
rene,f41v,3
rene,f42r,3
rene,f42v,3
rene,f43r,3
rene,f43v,3
rene,f44r,3
rene,f44v,3
rene,f45r,3
rene,f45v,3
rene,f46r,3
rene,f46v,3
rene,f47r,3
rene,f47v,3
rene,f48r,3
rene,f48v,3
rene,f49r,3
rene,f49v,3
rene,f4r,3
rene,f4v,3
rene,f50r,3
rene,f50v,3
rene,f51r,3
rene,f51v,3
rene,f52r,3
rene,f52v,3
rene,f53r,3
rene,f53v,3
rene,f54r,3
rene,f54v,3
rene,f55r,3
rene,f55v,3
rene,f56r,3
rene,f56v,3
rene,f57r,3
rene,f57v,3
rene,f58r,3
rene,f58v,3
rene,f5r,3
rene,f5v,3
rene,f65r,3
rene,f65v,3
rene,f66r,3
rene,f66v,3
rene,f67r,6
rene,f67v,6
rene,f68r,9
rene,f68v,9
rene,f69r,3
rene,f69v,3
rene,f6r,3
rene,f6v,3
rene,f70r,6
rene,f70v,11
rene,f71r,3
rene,f71v,3
rene,f72r,9
rene,f72v,10
rene,f73r,3
rene,f73v,3
rene,f75r,3
rene,f75v,3
rene,f76r,3
rene,f76v,3
rene,f77r,3
rene,f77v,3
rene,f78r,3
rene,f78v,3
rene,f79r,3
rene,f79v,3
rene,f7r,3
rene,f7v,3
rene,f80r,3
rene,f80v,3
rene,f81r,3
rene,f81v,3
rene,f82r,3
rene,f82v,3
rene,f83r,3
rene,f83v,3
rene,f84r,3
rene,f84v,4
rene,f85r,7
rene,f86r,2
rene,f86v,12
rene,f87r,3
rene,f87v,3
rene,f88v,3
rene,f89r,6
rene,f89v,6
rene,f8r,3
rene,f8v,3
rene,f90r,6
rene,f90v,6
rene,f93r,3
rene,f93v,3
rene,f94r,3
rene,f94v,3
rene,f95r,6
rene,f95v,6
rene,f96r,3
rene,f96v,3
rene,f99r,3
rene,f99v,3
rene,f9r,3
rene,f9v,3
root,f100r,2
root,f100v,4
root,f101v,64
root,f102r,5
root,f102v,9
root,f1v,2
root,f2r,2
root,f2v,1
root,f39r,2
root,f3v,4
root,f49r,1
root,f4v,1
root,f5r,2
root,f5v,1
root,f66v,1
root,f7r,1
root,f82v,1
root,f85r,1
root,f88v,3
root,f89r,10
root,f89v,1
root,f90v,1
root,f95r,2
root,f99r,28
root,f99v,20
root,f9v,1
roots,f100r,4
roots,f100v,6
roots,f101v,8
roots,f102r,6
roots,f102v,14
roots,f11r,1
roots,f16v,1
roots,f17r,2
roots,f1v,1
roots,f39r,1
roots,f3r,2
roots,f48v,1
roots,f5r,1
roots,f5v,1
roots,f65v,1
roots,f66v,2
roots,f86r,1
roots,f88v,8
roots,f89r,17
roots,f89v,18
roots,f90r,1
roots,f95r,3
roots,f96r,1
roots,f99r,6
roots,f99v,1
roots,f9r,1
roots,f9v,1
row,f100r,4
row,f100v,3
row,f101v,9
row,f102r,1
row,f102v,8
row,f3v,1
row,f49r,1
row,f67r,1
row,f68r,1
row,f82r,2
row,f86r,2
row,f86v,3
row,f89r,2
row,f89v,11
row,f99r,8
row,f99v,4
rows,f100r,1
rows,f101v,3
rows,f102r,2
rows,f102v,2
rows,f70v,1
rows,f86r,1
rows,f86v,3
rows,f88v,1
rows,f89r,3
rows,f89v,5
rows,f99r,1
s,f100r,13
s,f100v,4
s,f101r,8
s,f101v,56
s,f102r,12
s,f102v,23
s,f103r,4
s,f103v,2
s,f104r,5
s,f104v,5
s,f105r,3
s,f105v,4
s,f106r,3
s,f106v,7
s,f107r,6
s,f107v,2
s,f108r,2
s,f108v,3
s,f111r,9
s,f111v,4
s,f112r,8
s,f112v,13
s,f113r,18
s,f113v,4
s,f114r,6
s,f114v,4
s,f115r,4
s,f115v,2
s,f116r,4
s,f116v,13
s,f11r,6
s,f11v,5
s,f13r,9
s,f13v,3
s,f14r,3
s,f15r,11
s,f15v,10
s,f16r,7
s,f16v,4
s,f17r,3
s,f17v,3
s,f18r,1
s,f18v,9
s,f19r,2
s,f19v,5
s,f1r,22
s,f1v,3
s,f20r,2
s,f20v,9
s,f21r,3
s,f21v,5
s,f22r,5
s,f22v,6
s,f23r,6
s,f23v,5
s,f24r,19
s,f24v,3
s,f25r,6
s,f25v,7
s,f26r,15
s,f26v,13
s,f27r,4
s,f27v,9
s,f28v,5
s,f29v,14
s,f2r,12
s,f2v,4
s,f30v,2
s,f31r,3
s,f31v,3
s,f32v,12
s,f33r,3
s,f33v,1
s,f34r,3
s,f34v,7
s,f35r,6
s,f35v,3
s,f36r,6
s,f36v,6
s,f37v,7
s,f38r,3
s,f38v,10
s,f39r,16
s,f3r,13
s,f3v,12
s,f40v,7
s,f41r,4
s,f41v,9
s,f42r,13
s,f42v,3
s,f43r,2
s,f43v,4
s,f44r,2
s,f45v,3
s,f46r,12
s,f46v,8
s,f49r,8
s,f49v,16
s,f4r,4
s,f4v,9
s,f50r,14
s,f51r,4
s,f51v,3
s,f52r,8
s,f52v,7
s,f53r,5
s,f54r,17
s,f54v,12
s,f55v,3
s,f56r,1
s,f57r,9
s,f57v,13
s,f58r,6
s,f58v,7
s,f5r,3
s,f5v,6
s,f65v,1
s,f66r,4
s,f66v,6
s,f67r,93
s,f67v,26
s,f68r,44
s,f68v,71
s,f69r,37
s,f69v,64
s,f6r,10
s,f6v,32
s,f70r,71
s,f70v,101
s,f71r,17
s,f71v,15
s,f72r,88
s,f72v,101
s,f73r,36
s,f73v,32
s,f75r,32
s,f75v,79
s,f76r,30
s,f76v,36
s,f77r,29
s,f77v,20
s,f78r,27
s,f78v,14
s,f79r,16
s,f79v,7
s,f7r,7
s,f7v,1
s,f80r,27
s,f80v,9
s,f81r,11
s,f81v,21
s,f82r,27
s,f82v,16
s,f83r,35
s,f83v,14
s,f84r,15
s,f84v,29
s,f85r,10
s,f86r,44
s,f86v,17
s,f87r,2
s,f87v,12
s,f88v,3
s,f89r,67
s,f89v,28
s,f8r,4
s,f8v,1
s,f90r,19
s,f90v,30
s,f93r,83
s,f93v,4
s,f94v,2
s,f95r,1
s,f95v,5
s,f96r,9
s,f96v,3
s,f99r,8
s,f99v,6
s,f9r,7
s,f9v,3
see,f101v,5
see,f102r,1
see,f116v,1
see,f1r,1
see,f1v,1
see,f67r,1
see,f67v,2
see,f68r,1
see,f69r,1
see,f70v,4
see,f86r,4
see,f86v,1
see,f9v,1
set,f101v,1
set,f107r,1
set,f69r,1
sprouts,f68v,1
sprouts,f86r,1
sprouts,f86v,1
stolfi,f100r,8
stolfi,f100v,8
stolfi,f101r,4
stolfi,f101v,36
stolfi,f102r,14
stolfi,f102v,16
stolfi,f103r,6
stolfi,f103v,4
stolfi,f104r,4
stolfi,f104v,4
stolfi,f105r,7
stolfi,f105v,4
stolfi,f106r,4
stolfi,f106v,4
stolfi,f107r,7
stolfi,f107v,4
stolfi,f108r,4
stolfi,f108v,6
stolfi,f10r,4
stolfi,f10v,4
stolfi,f111r,4
stolfi,f111v,4
stolfi,f112r,4
stolfi,f112v,4
stolfi,f113r,4
stolfi,f113v,4
stolfi,f114r,6
stolfi,f114v,4
stolfi,f115r,4
stolfi,f115v,4
stolfi,f116r,5
stolfi,f116v,8
stolfi,f11r,4
stolfi,f11v,4
stolfi,f13r,4
stolfi,f13v,4
stolfi,f14r,4
stolfi,f14v,4
stolfi,f15r,5
stolfi,f15v,5
stolfi,f16r,6
stolfi,f16v,4
stolfi,f17r,7
stolfi,f17v,4
stolfi,f18r,4
stolfi,f18v,5
stolfi,f19r,4
stolfi,f19v,7
stolfi,f1r,22
stolfi,f1v,4
stolfi,f20r,4
stolfi,f20v,5
stolfi,f21r,4
stolfi,f21v,5
stolfi,f22r,4
stolfi,f22v,7
stolfi,f23r,4
stolfi,f23v,5
stolfi,f24r,5
stolfi,f24v,5
stolfi,f25r,5
stolfi,f25v,4
stolfi,f26r,4
stolfi,f26v,5
stolfi,f27r,7
stolfi,f27v,5
stolfi,f28r,4
stolfi,f28v,9
stolfi,f29r,5
stolfi,f29v,5
stolfi,f2r,6
stolfi,f2v,4
stolfi,f30r,4
stolfi,f30v,4
stolfi,f31r,5
stolfi,f31v,4
stolfi,f32r,4
stolfi,f32v,5
stolfi,f33r,4
stolfi,f33v,5
stolfi,f34r,4
stolfi,f34v,5
stolfi,f35r,4
stolfi,f35v,4
stolfi,f36r,4
stolfi,f36v,4
stolfi,f37r,5
stolfi,f37v,4
stolfi,f38r,4
stolfi,f38v,4
stolfi,f39r,7
stolfi,f39v,4
stolfi,f3r,4
stolfi,f3v,4
stolfi,f40r,4
stolfi,f40v,5
stolfi,f41r,4
stolfi,f41v,7
stolfi,f42r,10
stolfi,f42v,5
stolfi,f43r,5
stolfi,f43v,4
stolfi,f44r,4
stolfi,f44v,4
stolfi,f45r,4
stolfi,f45v,4
stolfi,f46r,4
stolfi,f46v,5
stolfi,f47r,4
stolfi,f47v,3
stolfi,f48r,4
stolfi,f48v,5
stolfi,f49r,4
stolfi,f49v,7
stolfi,f4r,4
stolfi,f4v,5
stolfi,f50r,5
stolfi,f50v,4
stolfi,f51r,4
stolfi,f51v,4
stolfi,f52r,4
stolfi,f52v,4
stolfi,f53r,4
stolfi,f53v,4
stolfi,f54r,4
stolfi,f54v,4
stolfi,f55r,4
stolfi,f55v,4
stolfi,f56r,5
stolfi,f56v,4
stolfi,f57r,4
stolfi,f57v,18
stolfi,f58r,4
stolfi,f58v,8
stolfi,f5r,4
stolfi,f5v,4
stolfi,f65r,5
stolfi,f65v,5
stolfi,f66r,11
stolfi,f66v,4
stolfi,f67r,26
stolfi,f67v,22
stolfi,f68r,33
stolfi,f68v,35
stolfi,f69r,13
stolfi,f69v,8
stolfi,f6r,4
stolfi,f6v,4
stolfi,f70r,20
stolfi,f70v,23
stolfi,f71r,8
stolfi,f71v,8
stolfi,f72r,34
stolfi,f72v,26
stolfi,f73r,8
stolfi,f73v,9
stolfi,f75r,6
stolfi,f75v,10
stolfi,f76r,6
stolfi,f76v,4
stolfi,f77r,6
stolfi,f77v,8
stolfi,f78r,6
stolfi,f78v,4
stolfi,f79r,4
stolfi,f79v,4
stolfi,f7r,4
stolfi,f7v,4
stolfi,f80r,5
stolfi,f80v,4
stolfi,f81r,4
stolfi,f81v,5
stolfi,f82r,9
stolfi,f82v,7
stolfi,f83r,7
stolfi,f83v,7
stolfi,f84r,6
stolfi,f84v,8
stolfi,f85r,14
stolfi,f86r,22
stolfi,f86v,30
stolfi,f87r,4
stolfi,f87v,4
stolfi,f88v,8
stolfi,f89r,25
stolfi,f89v,20
stolfi,f8r,9
stolfi,f8v,4
stolfi,f90r,8
stolfi,f90v,8
stolfi,f93r,6
stolfi,f93v,4
stolfi,f94r,5
stolfi,f94v,4
stolfi,f95r,9
stolfi,f95v,8
stolfi,f96r,5
stolfi,f96v,4
stolfi,f99r,11
stolfi,f99v,10
stolfi,f9r,4
stolfi,f9v,4
subject,f100r,1
subject,f100v,1
subject,f101r,1
subject,f101v,2
subject,f102r,2
subject,f102v,2
subject,f103r,1
subject,f103v,1
subject,f104r,1
subject,f104v,1
subject,f105r,1
subject,f105v,1
subject,f106r,1
subject,f106v,1
subject,f107r,1
subject,f107v,1
subject,f108r,1
subject,f108v,1
subject,f10r,1
subject,f10v,1
subject,f11r,1
subject,f11v,1
subject,f13r,1
subject,f13v,1
subject,f14r,1
subject,f14v,1
subject,f15r,1
subject,f15v,1
subject,f16r,1
subject,f16v,1
subject,f17r,1
subject,f17v,1
subject,f18r,1
subject,f18v,1
subject,f19r,1
subject,f19v,1
subject,f1r,1
subject,f1v,1
subject,f20r,1
subject,f20v,1
subject,f21r,1
subject,f21v,1
subject,f22r,1
subject,f22v,1
subject,f23r,1
subject,f23v,1
subject,f24r,1
subject,f24v,1
subject,f25r,1
subject,f25v,1
subject,f26r,1
subject,f26v,1
subject,f27r,1
subject,f27v,1
subject,f28r,1
subject,f28v,1
subject,f29r,1
subject,f29v,1
subject,f2r,1
subject,f2v,1
subject,f30r,1
subject,f30v,1
subject,f31r,1
subject,f31v,1
subject,f32r,1
subject,f32v,1
subject,f33r,1
subject,f33v,1
subject,f34r,1
subject,f34v,1
subject,f35r,1
subject,f35v,1
subject,f36r,1
subject,f36v,1
subject,f37r,1
subject,f37v,1
subject,f38r,1
subject,f38v,1
subject,f39r,1
subject,f39v,1
subject,f3r,1
subject,f3v,1
subject,f40r,1
subject,f40v,1
subject,f41r,1
subject,f41v,1
subject,f42r,1
subject,f42v,1
subject,f43r,1
subject,f43v,1
subject,f44r,1
subject,f44v,1
subject,f45r,1
subject,f45v,1
subject,f46r,1
subject,f46v,1
subject,f47r,1
subject,f47v,1
subject,f48r,1
subject,f48v,1
subject,f49r,1
subject,f49v,1
subject,f4r,1
subject,f4v,1
subject,f50r,1
subject,f50v,1
subject,f51r,1
subject,f51v,1
subject,f52r,1
subject,f52v,1
subject,f53r,1
subject,f53v,1
subject,f54r,1
subject,f54v,1
subject,f55r,1
subject,f55v,1
subject,f56r,1
subject,f56v,1
subject,f57r,1
subject,f57v,1
subject,f58r,1
subject,f58v,1
subject,f5r,1
subject,f5v,1
subject,f65r,1
subject,f65v,1
subject,f66r,1
subject,f66v,1
subject,f67r,2
subject,f67v,2
subject,f68r,3
subject,f68v,3
subject,f69r,1
subject,f69v,1
subject,f6r,1
subject,f6v,1
subject,f70r,2
subject,f70v,2
subject,f71r,1
subject,f71v,1
subject,f72r,3
subject,f72v,3
subject,f73r,1
subject,f73v,1
subject,f75r,1
subject,f75v,1
subject,f76r,1
subject,f76v,1
subject,f77r,1
subject,f77v,1
subject,f78r,1
subject,f78v,1
subject,f79r,1
subject,f79v,1
subject,f7r,1
subject,f7v,1
subject,f80r,1
subject,f80v,1
subject,f81r,1
subject,f81v,1
subject,f82r,1
subject,f82v,1
subject,f83r,1
subject,f83v,1
subject,f84r,1
subject,f84v,2
subject,f85r,2
subject,f86v,4
subject,f87r,1
subject,f87v,1
subject,f88v,1
subject,f89r,2
subject,f89v,2
subject,f8r,1
subject,f8v,1
subject,f90r,2
subject,f90v,2
subject,f93r,1
subject,f93v,1
subject,f94r,1
subject,f94v,1
subject,f95r,2
subject,f95v,2
subject,f96r,1
subject,f96v,1
subject,f99r,1
subject,f99v,1
subject,f9r,1
subject,f9v,1
subsets,f100r,1
subsets,f100v,1
subsets,f101r,1
subsets,f101v,1
subsets,f102r,2
subsets,f102v,2
subsets,f103r,1
subsets,f103v,1
subsets,f104r,1
subsets,f104v,1
subsets,f105r,1
subsets,f105v,1
subsets,f106r,1
subsets,f106v,1
subsets,f107r,1
subsets,f107v,1
subsets,f108r,1
subsets,f108v,1
subsets,f10r,1
subsets,f10v,1
subsets,f111r,1
subsets,f111v,1
subsets,f112r,1
subsets,f112v,1
subsets,f113r,1
subsets,f113v,1
subsets,f114r,1
subsets,f114v,1
subsets,f115r,1
subsets,f115v,1
subsets,f116r,1
subsets,f116v,1
subsets,f11r,1
subsets,f11v,1
subsets,f13r,1
subsets,f13v,1
subsets,f14r,1
subsets,f14v,1
subsets,f15r,1
subsets,f15v,1
subsets,f16r,1
subsets,f16v,1
subsets,f17r,1
subsets,f17v,1
subsets,f18r,1
subsets,f18v,1
subsets,f19r,1
subsets,f19v,1
subsets,f1r,1
subsets,f1v,1
subsets,f20r,1
subsets,f20v,1
subsets,f21r,1
subsets,f21v,1
subsets,f22r,1
subsets,f22v,1
subsets,f23r,1
subsets,f23v,1
subsets,f24r,1
subsets,f24v,1
subsets,f25r,1
subsets,f25v,1
subsets,f26r,1
subsets,f26v,1
subsets,f27r,1
subsets,f27v,1
subsets,f28r,1
subsets,f28v,1
subsets,f29r,1
subsets,f29v,1
subsets,f2r,1
subsets,f2v,1
subsets,f30r,1
subsets,f30v,1
subsets,f31r,1
subsets,f31v,1
subsets,f32r,1
subsets,f32v,1
subsets,f33r,1
subsets,f33v,1
subsets,f34r,1
subsets,f34v,1
subsets,f35r,1
subsets,f35v,1
subsets,f36r,1
subsets,f36v,1
subsets,f37r,1
subsets,f37v,1
subsets,f38r,1
subsets,f38v,1
subsets,f39r,1
subsets,f39v,1
subsets,f3r,1
subsets,f3v,1
subsets,f40r,1
subsets,f40v,1
subsets,f41r,1
subsets,f41v,1
subsets,f42r,1
subsets,f42v,1
subsets,f43r,1
subsets,f43v,1
subsets,f44r,1
subsets,f44v,1
subsets,f45r,1
subsets,f45v,1
subsets,f46r,1
subsets,f46v,1
subsets,f47r,1
subsets,f47v,1
subsets,f48r,1
subsets,f48v,1
subsets,f49r,1
subsets,f49v,1
subsets,f4r,1
subsets,f4v,1
subsets,f50r,1
subsets,f50v,1
subsets,f51r,1
subsets,f51v,1
subsets,f52r,1
subsets,f52v,1
subsets,f53r,1
subsets,f53v,1
subsets,f54r,1
subsets,f54v,1
subsets,f55r,1
subsets,f55v,1
subsets,f56r,1
subsets,f56v,1
subsets,f57r,1
subsets,f57v,1
subsets,f58r,1
subsets,f58v,1
subsets,f5r,1
subsets,f5v,1
subsets,f65r,1
subsets,f65v,1
subsets,f66r,1
subsets,f66v,1
subsets,f67r,2
subsets,f67v,2
subsets,f68r,3
subsets,f68v,3
subsets,f69r,1
subsets,f69v,1
subsets,f6r,1
subsets,f6v,1
subsets,f70r,2
subsets,f70v,2
subsets,f71r,1
subsets,f71v,1
subsets,f72r,3
subsets,f72v,3
subsets,f73r,1
subsets,f73v,1
subsets,f75r,1
subsets,f75v,1
subsets,f76r,1
subsets,f76v,1
subsets,f77r,1
subsets,f77v,1
subsets,f78r,1
subsets,f78v,1
subsets,f79r,1
subsets,f79v,1
subsets,f7r,1
subsets,f7v,1
subsets,f80r,1
subsets,f80v,1
subsets,f81r,1
subsets,f81v,1
subsets,f82r,1
subsets,f82v,1
subsets,f83r,1
subsets,f83v,1
subsets,f84r,1
subsets,f84v,2
subsets,f85r,2
subsets,f86v,4
subsets,f87r,1
subsets,f87v,1
subsets,f88v,1
subsets,f89r,2
subsets,f89v,2
subsets,f8r,1
subsets,f8v,1
subsets,f90r,2
subsets,f90v,2
subsets,f93r,1
subsets,f93v,1
subsets,f94r,1
subsets,f94v,1
subsets,f95r,2
subsets,f95v,2
subsets,f96r,1
subsets,f96v,1
subsets,f99r,1
subsets,f99v,1
subsets,f9r,1
subsets,f9v,1
that,f101v,31
that,f102r,1
that,f103r,1
that,f107r,28
that,f116v,29
that,f1r,4
that,f2r,1
that,f2v,1
that,f49r,3
that,f49v,2
that,f4v,3
that,f57v,1
that,f58r,1
that,f5v,1
that,f66r,1
that,f66v,2
that,f67r,6
that,f67v,3
that,f68v,14
that,f69r,4
that,f6r,1
that,f6v,1
that,f70r,7
that,f70v,21
that,f72r,4
that,f72v,13
that,f73r,2
that,f75v,4
that,f7r,2
that,f82r,3
that,f85r,4
that,f86r,19
that,f86v,7
that,f89r,4
that,f89v,3
that,f95r,1
that,f9r,1
that,f9v,1
the,f100r,1
the,f100v,1
the,f101v,257
the,f102r,24
the,f102v,10
the,f103r,2
the,f105r,3
the,f107r,70
the,f10r,7
the,f10v,6
the,f116v,116
the,f11r,6
the,f11v,4
the,f16r,5
the,f16v,10
the,f17r,30
the,f18r,2
the,f19v,2
the,f1r,32
the,f1v,4
the,f22v,1
the,f24v,5
the,f2r,10
the,f2v,13
the,f32v,4
the,f34r,10
the,f39r,29
the,f3r,17
the,f3v,13
the,f40v,4
the,f46v,2
the,f48v,6
the,f49r,22
the,f49v,21
the,f4r,9
the,f4v,16
the,f56r,1
the,f56v,7
the,f57r,1
the,f57v,45
the,f58r,6
the,f58v,10
the,f5r,13
the,f5v,11
the,f65r,6
the,f65v,2
the,f66r,22
the,f66v,29
the,f67r,67
the,f67v,66
the,f68r,64
the,f68v,125
the,f69r,63
the,f69v,11
the,f6r,8
the,f6v,7
the,f70r,58
the,f70v,238
the,f71r,21
the,f71v,26
the,f72r,97
the,f72v,109
the,f73r,13
the,f73v,14
the,f75r,2
the,f75v,49
the,f76r,10
the,f76v,1
the,f77r,1
the,f77v,1
the,f78r,1
the,f78v,1
the,f79r,1
the,f79v,1
the,f7r,14
the,f7v,8
the,f80r,2
the,f80v,1
the,f81r,4
the,f81v,1
the,f82r,24
the,f82v,2
the,f83r,2
the,f83v,3
the,f84r,15
the,f84v,16
the,f85r,92
the,f86r,326
the,f86v,135
the,f88v,2
the,f89r,33
the,f89v,51
the,f8r,11
the,f8v,10
the,f90r,2
the,f90v,2
the,f95r,23
the,f95v,3
the,f96r,4
the,f99r,5
the,f99v,1
the,f9r,11
the,f9v,23
there,f100r,2
there,f101v,5
there,f102r,3
there,f102v,1
there,f103r,1
there,f107r,1
there,f116v,9
there,f16v,1
there,f17r,1
there,f1r,3
there,f22v,1
there,f24v,1
there,f2v,1
there,f32v,1
there,f39r,2
there,f40v,1
there,f48v,2
there,f49r,2
there,f49v,3
there,f56v,1
there,f57v,3
there,f58r,2
there,f58v,2
there,f65v,1
there,f66r,4
there,f66v,5
there,f67r,12
there,f67v,15
there,f68r,2
there,f68v,8
there,f69r,3
there,f69v,3
there,f70r,8
there,f70v,13
there,f71r,3
there,f71v,1
there,f72r,7
there,f72v,17
there,f73r,3
there,f73v,4
there,f75v,5
there,f7r,1
there,f84r,2
there,f85r,1
there,f86r,41
there,f86v,15
there,f88v,3
there,f89r,5
there,f89v,9
there,f8v,1
there,f95r,1
there,f99r,4
there,f99v,1
there,f9v,1
this,f101v,20
this,f102r,2
this,f102v,2
this,f105r,1
this,f107r,5
this,f116v,4
this,f1v,1
this,f34r,1
this,f39r,2
this,f46v,2
this,f49v,3
this,f4v,2
this,f66v,1
this,f67r,6
this,f67v,6
this,f68r,5
this,f68v,6
this,f69r,3
this,f70r,2
this,f70v,8
this,f71v,3
this,f72r,3
this,f72v,3
this,f75v,4
this,f76r,2
this,f7r,1
this,f82r,1
this,f85r,7
this,f86r,30
this,f86v,9
this,f89r,4
this,f89v,10
this,f90r,3
this,f90v,2
this,f95r,4
this,f95v,2
this,f99r,2
this,f9v,3
three,f101v,16
three,f102r,6
three,f102v,4
three,f107r,1
three,f116v,1
three,f11r,1
three,f16r,1
three,f17r,1
three,f1r,1
three,f2r,2
three,f39r,1
three,f3r,1
three,f49r,3
three,f49v,1
three,f57v,2
three,f58r,4
three,f65v,1
three,f66r,1
three,f66v,1
three,f67r,5
three,f67v,2
three,f68r,2
three,f68v,2
three,f69r,1
three,f69v,3
three,f6r,1
three,f70r,3
three,f70v,4
three,f71r,1
three,f71v,1
three,f72r,5
three,f72v,5
three,f73r,1
three,f73v,1
three,f7v,1
three,f82r,2
three,f85r,6
three,f86r,3
three,f86v,6
three,f88v,1
three,f89r,3
three,f8r,1
three,f95r,1
three,f99v,2
title,f100r,1
title,f100v,1
title,f101r,1
title,f101v,7
title,f102r,2
title,f102v,2
title,f103r,1
title,f103v,1
title,f104r,1
title,f104v,1
title,f105r,5
title,f105v,1
title,f106r,1
title,f106v,1
title,f107r,1
title,f107v,1
title,f108r,1
title,f108v,2
title,f10r,1
title,f10v,1
title,f111r,1
title,f111v,1
title,f112r,1
title,f112v,1
title,f113r,1
title,f113v,1
title,f114r,4
title,f114v,1
title,f115r,1
title,f115v,1
title,f116r,1
title,f11r,1
title,f11v,1
title,f13r,1
title,f13v,1
title,f14r,1
title,f14v,1
title,f15r,1
title,f15v,1
title,f16r,3
title,f16v,1
title,f17r,1
title,f17v,1
title,f18r,3
title,f18v,1
title,f19r,1
title,f19v,3
title,f1r,6
title,f1v,1
title,f20r,1
title,f20v,1
title,f21r,1
title,f21v,1
title,f22r,1
title,f22v,3
title,f23r,1
title,f23v,1
title,f24r,2
title,f24v,1
title,f25r,2
title,f25v,1
title,f26r,1
title,f26v,1
title,f27r,2
title,f27v,1
title,f28r,1
title,f28v,2
title,f29r,1
title,f29v,1
title,f2r,1
title,f2v,1
title,f30r,1
title,f30v,1
title,f31r,2
title,f31v,1
title,f32r,1
title,f32v,1
title,f33r,1
title,f33v,1
title,f34r,1
title,f34v,1
title,f35r,1
title,f35v,1
title,f36r,1
title,f36v,1
title,f37r,1
title,f37v,1
title,f38r,1
title,f38v,1
title,f39r,2
title,f39v,1
title,f3r,1
title,f3v,1
title,f40r,1
title,f40v,2
title,f41r,1
title,f41v,2
title,f42r,4
title,f42v,2
title,f43r,1
title,f43v,1
title,f44r,1
title,f44v,1
title,f45r,1
title,f45v,1
title,f46r,1
title,f46v,1
title,f47r,1
title,f47v,1
title,f48r,3
title,f48v,1
title,f49r,1
title,f49v,1
title,f4r,1
title,f4v,1
title,f50r,1
title,f50v,1
title,f51r,1
title,f51v,1
title,f52r,1
title,f52v,1
title,f53r,1
title,f53v,1
title,f54r,1
title,f54v,1
title,f55r,1
title,f55v,1
title,f56r,1
title,f56v,1
title,f57r,1
title,f57v,1
title,f58r,1
title,f58v,5
title,f5r,1
title,f5v,1
title,f65r,1
title,f65v,1
title,f66r,1
title,f66v,1
title,f67r,2
title,f67v,3
title,f68r,5
title,f68v,3
title,f69r,1
title,f69v,1
title,f6r,1
title,f6v,1
title,f70r,2
title,f70v,2
title,f71r,1
title,f71v,1
title,f72r,3
title,f72v,3
title,f73r,1
title,f73v,1
title,f75r,1
title,f75v,1
title,f76r,1
title,f76v,1
title,f77r,1
title,f77v,1
title,f78r,1
title,f78v,1
title,f79r,1
title,f79v,1
title,f7r,1
title,f7v,1
title,f80r,1
title,f80v,1
title,f81r,1
title,f81v,1
title,f82r,3
title,f82v,1
title,f83r,1
title,f83v,1
title,f84r,1
title,f84v,1
title,f85r,3
title,f86r,1
title,f86v,6
title,f87r,1
title,f87v,1
title,f88v,1
title,f89r,2
title,f89v,3
title,f8r,5
title,f8v,1
title,f90r,2
title,f90v,2
title,f93r,1
title,f93v,1
title,f94r,2
title,f94v,1
title,f95r,2
title,f95v,2
title,f96r,1
title,f96v,1
title,f99r,1
title,f99v,1
title,f9r,3
title,f9v,1
top,f100r,1
top,f100v,1
top,f101v,27
top,f102r,3
top,f102v,6
top,f103r,1
top,f107r,1
top,f10r,2
top,f10v,2
top,f116v,4
top,f11r,1
top,f11v,1
top,f16r,2
top,f16v,2
top,f17r,5
top,f1r,2
top,f2r,2
top,f2v,1
top,f33v,1
top,f34r,1
top,f39r,2
top,f3r,1
top,f3v,2
top,f40v,1
top,f49r,1
top,f49v,2
top,f57v,3
top,f58v,2
top,f5v,1
top,f66r,1
top,f66v,1
top,f67v,3
top,f68r,11
top,f68v,6
top,f6r,1
top,f6v,1
top,f70r,1
top,f70v,9
top,f72r,3
top,f72v,2
top,f73r,1
top,f73v,1
top,f75v,4
top,f77r,1
top,f77v,5
top,f7r,1
top,f7v,2
top,f80r,2
top,f81r,1
top,f82r,5
top,f82v,1
top,f83r,2
top,f83v,2
top,f84r,1
top,f84v,2
top,f85r,5
top,f86r,13
top,f86v,10
top,f88v,3
top,f89r,3
top,f89v,6
top,f8v,2
top,f95r,2
top,f96r,1
top,f99r,2
top,f99v,1
top,f9v,3
twigs,f89v,1
v,f100r,4
v,f100v,102
v,f101r,2
v,f101v,747
v,f102r,8
v,f102v,225
v,f103r,2
v,f103v,105
v,f104r,2
v,f104v,88
v,f105r,2
v,f105v,114
v,f106r,2
v,f106v,195
v,f107r,7
v,f107v,147
v,f108r,2
v,f108v,161
v,f10r,2
v,f10v,28
v,f111r,2
v,f111v,204
v,f112r,2
v,f112v,188
v,f113r,2
v,f113v,144
v,f114r,2
v,f114v,86
v,f115r,3
v,f115v,90
v,f116r,3
v,f116v,7
v,f11r,2
v,f11v,24
v,f13r,2
v,f13v,30
v,f14r,2
v,f14v,36
v,f15r,2
v,f15v,48
v,f16r,2
v,f16v,39
v,f17r,3
v,f17v,69
v,f18r,2
v,f18v,40
v,f19r,2
v,f19v,56
v,f1r,3
v,f1v,32
v,f20r,2
v,f20v,44
v,f21r,2
v,f21v,32
v,f22r,2
v,f22v,64
v,f23r,2
v,f23v,48
v,f24r,2
v,f24v,64
v,f25r,2
v,f25v,21
v,f26r,2
v,f26v,36
v,f27r,2
v,f27v,32
v,f28r,2
v,f28v,36
v,f29r,2
v,f29v,48
v,f2r,2
v,f2v,35
v,f30r,2
v,f30v,33
v,f31r,2
v,f31v,32
v,f32r,2
v,f32v,44
v,f33r,3
v,f33v,45
v,f34r,3
v,f34v,45
v,f35r,3
v,f35v,64
v,f36r,3
v,f36v,43
v,f37r,3
v,f37v,68
v,f38r,3
v,f38v,25
v,f39r,4
v,f39v,57
v,f3r,2
v,f3v,61
v,f40r,3
v,f40v,58
v,f41r,2
v,f41v,30
v,f42r,2
v,f42v,54
v,f43r,2
v,f43v,75
v,f44r,2
v,f44v,44
v,f45r,2
v,f45v,39
v,f46r,2
v,f46v,61
v,f47r,2
v,f47v,47
v,f48r,2
v,f48v,47
v,f49r,2
v,f49v,122
v,f4r,2
v,f4v,56
v,f50r,2
v,f50v,40
v,f51r,2
v,f51v,45
v,f52r,2
v,f52v,45
v,f53r,2
v,f53v,40
v,f54r,2
v,f54v,48
v,f55r,2
v,f55v,36
v,f56r,2
v,f56v,48
v,f57r,2
v,f57v,57
v,f58r,2
v,f58v,80
v,f5r,2
v,f5v,24
v,f65r,3
v,f65v,17
v,f66r,5
v,f66v,26
v,f67r,74
v,f67v,178
v,f68r,43
v,f68v,188
v,f69r,46
v,f69v,98
v,f6r,2
v,f6v,92
v,f70r,36
v,f70v,206
v,f71r,18
v,f71v,72
v,f72r,77
v,f72v,220
v,f73r,32
v,f73v,68
v,f75r,51
v,f75v,260
v,f76r,51
v,f76v,206
v,f77r,53
v,f77v,204
v,f78r,48
v,f78v,161
v,f79r,47
v,f79v,211
v,f7r,5
v,f7v,36
v,f80r,47
v,f80v,221
v,f81r,34
v,f81v,140
v,f82r,64
v,f82v,173
v,f83r,58
v,f83v,159
v,f84r,39
v,f84v,205
v,f85r,6
v,f86r,99
v,f86v,310
v,f87r,2
v,f87v,48
v,f88v,83
v,f89r,47
v,f89v,212
v,f8r,2
v,f8v,68
v,f90r,2
v,f90v,59
v,f93r,35
v,f93v,20
v,f94r,2
v,f94v,24
v,f95r,3
v,f95v,49
v,f96r,2
v,f96v,26
v,f99r,4
v,f99v,61
v,f9r,2
v,f9v,52
veggies,f89v,1
was,f100r,16
was,f100v,26
was,f101v,48
was,f102v,31
was,f107r,8
was,f116v,5
was,f1r,3
was,f2v,1
was,f66r,1
was,f66v,3
was,f67r,1
was,f68v,1
was,f70v,52
was,f71r,15
was,f71v,15
was,f72r,48
was,f72v,3
was,f85r,1
was,f86r,1
was,f86v,1
was,f88v,13
was,f89r,60
was,f89v,36
was,f9v,2
where,f101v,9
where,f1r,1
where,f34r,1
where,f67v,2
where,f68r,1
where,f68v,1
where,f70v,2
where,f72r,1
where,f78r,1
where,f86r,1
which,f101v,8
which,f102r,1
which,f107r,1
which,f10r,1
which,f116v,2
which,f11r,1
which,f16r,1
which,f17r,1
which,f1r,2
which,f2v,1
which,f57v,1
which,f58v,1
which,f67v,3
which,f68r,2
which,f69r,2
which,f69v,1
which,f70r,2
which,f70v,1
which,f72v,1
which,f73v,1
which,f75v,1
which,f76r,1
which,f82r,1
which,f85r,4
which,f86r,8
which,f86v,3
which,f89r,3
which,f89v,2
which,f8r,1
which,f9r,1
which,f9v,1
with,f100r,5
with,f100v,1
with,f101v,114
with,f102r,7
with,f102v,12
with,f107r,7
with,f108r,1
with,f10r,1
with,f10v,1
with,f111v,1
with,f112r,1
with,f112v,1
with,f113r,2
with,f113v,1
with,f114r,1
with,f116v,25
with,f11r,3
with,f11v,1
with,f16r,1
with,f16v,2
with,f17r,6
with,f1r,14
with,f1v,5
with,f22v,1
with,f2r,6
with,f2v,7
with,f32v,1
with,f34r,1
with,f39r,7
with,f3r,4
with,f3v,7
with,f40v,3
with,f48v,1
with,f49r,9
with,f49v,3
with,f4r,1
with,f56r,1
with,f56v,2
with,f57v,9
with,f58r,3
with,f58v,3
with,f5r,4
with,f5v,5
with,f65r,1
with,f65v,2
with,f66r,3
with,f66v,7
with,f67r,17
with,f67v,21
with,f68r,23
with,f68v,22
with,f69r,9
with,f69v,4
with,f70r,10
with,f70v,14
with,f71r,3
with,f71v,1
with,f72r,30
with,f72v,31
with,f73r,8
with,f73v,6
with,f75v,9
with,f76r,1
with,f78r,3
with,f7r,4
with,f7v,1
with,f80r,3
with,f81v,1
with,f82r,5
with,f84v,2
with,f85r,14
with,f86r,54
with,f86v,28
with,f87v,1
with,f88v,4
with,f89r,11
with,f89v,9
with,f8r,2
with,f8v,3
with,f95r,6
with,f96r,4
with,f99r,6
with,f99v,2
with,f9r,2
with,f9v,8
xv,f87r,1
xv,f87v,1
xv,f88v,1
xv,f89r,2
xv,f89v,2
xv,f90r,2
xv,f90v,2
